Date,Run,Plate,pH,Food,Replicate,Chamber_tank,Number,Biovolume_g_in_sw,Length_um,Shell_tin_weight,tin_plus_shell,Tissue_tin_ weight,tin_plus_tissue,Dry_Shell_weight,Dry_Tissue_weight,whole_Dry_weight,Instrument,Vessel_well_volume,Notes
9/14/2021,1,NA,7.5,NA,A,7.5_A,1,NA,1970.48,NA,NA,NA,NA,NA,NA,0.000869,loligo_8channel,,
9/14/2021,1,NA,7.5,NA,B,7.5_B,1,NA,2097.18,NA,NA,NA,NA,NA,NA,0.001418,loligo_8channel,,
9/14/2021,1,NA,7.5,NA,C,7.5_C,1,NA,2880.12,NA,NA,NA,NA,NA,NA,0.002185,loligo_8channel,,
9/14/2021,2,NA,7.5,NA,D,7.5_D,1,NA,2726.53,NA,NA,NA,NA,NA,NA,0.001958,loligo_8channel,,
9/14/2021,2,NA,7.5,NA,A,7.5_A,2,NA,2212.22,NA,NA,NA,NA,NA,NA,0.001812,loligo_8channel,,
9/14/2021,2,NA,7.5,NA,B,7.5_B,2,NA,2822.12,NA,NA,NA,NA,NA,NA,0.000733,loligo_8channel,,
9/14/2021,3,NA,7.5,NA,C,7.5_C,2,NA,2687.51,NA,NA,NA,NA,NA,NA,0.001379,loligo_8channel,,
9/14/2021,3,NA,7.5,NA,D,7.5_D,2,NA,2659.1,NA,NA,NA,NA,NA,NA,0.000821,loligo_8channel,,
9/14/2021,3,NA,7.5,NA,A,7.5_A,3,NA,2253.05,NA,NA,NA,NA,NA,NA,0.002638,loligo_8channel,,
9/14/2021,4,NA,7.5,NA,B,7.5_B,3,NA,3163.95,NA,NA,NA,NA,NA,NA,0.002028,loligo_8channel,,
9/14/2021,4,NA,7.5,NA,C,7.5_C,3,NA,2150.83,NA,NA,NA,NA,NA,NA,0.000646,loligo_8channel,,
9/14/2021,4,NA,7.5,NA,D,7.5_D,3,NA,1916.71,NA,NA,NA,NA,NA,NA,0.000575,loligo_8channel,,
9/14/2021,1,NA,8,NA,A,8_A,1,NA,1737.49,NA,NA,NA,NA,NA,NA,NA,loligo_8channel,,
9/14/2021,1,NA,8,NA,B,8_B,1,NA,2709.79,NA,NA,NA,NA,NA,NA,NA,loligo_8channel,,
9/14/2021,1,NA,8,NA,C,8_C,1,NA,2281.73,NA,NA,NA,NA,NA,NA,NA,loligo_8channel,,
9/14/2021,2,NA,8,NA,D,8_D,1,NA,2692.97,NA,NA,NA,NA,NA,NA,0.000982,loligo_8channel,,
9/14/2021,2,NA,8,NA,A,8_A,2,NA,2974,NA,NA,NA,NA,NA,NA,0.001765,loligo_8channel,,
9/14/2021,2,NA,8,NA,B,8_B,2,NA,2109.65,NA,NA,NA,NA,NA,NA,0.003326,loligo_8channel,,
9/14/2021,3,NA,8,NA,C,8_C,2,NA,2452.71,NA,NA,NA,NA,NA,NA,0.004008,loligo_8channel,,
9/14/2021,3,NA,8,NA,D,8_D,2,NA,3491.29,NA,NA,NA,NA,NA,NA,0.000619,loligo_8channel,,
9/14/2021,3,NA,8,NA,A,8_A,3,NA,1974.36,NA,NA,NA,NA,NA,NA,0.000556,loligo_8channel,,
9/14/2021,4,NA,8,NA,B,8_B,3,NA,2139.34,NA,NA,NA,NA,NA,NA,0.000718,loligo_8channel,,
9/14/2021,4,NA,8,NA,C,8_C,3,NA,1796.06,NA,NA,NA,NA,NA,NA,0.00037,loligo_8channel,,
9/14/2021,4,NA,8,NA,D,8_D,3,NA,2969.72,NA,NA,NA,NA,NA,NA,0.001944,loligo_8channel,,
9/30/2021,1,2,7.5,fed,A,7.5_A,1,NA,3740.03,NA,NA,NA,NA,NA,NA,0.004447,SDR_24channel,,
9/30/2021,1,2,7.5,fed,B,7.5_B,1,NA,3561.09,NA,NA,NA,NA,NA,NA,0.00331,SDR_24channel,,
9/30/2021,1,2,7.5,fed,C,7.5_C,1,NA,3406.03,NA,NA,NA,NA,NA,NA,0.002443,SDR_24channel,,
9/30/2021,1,2,7.5,fed,D,7.5_D,1,NA,3236.79,NA,NA,NA,NA,NA,NA,0.001862,SDR_24channel,,
9/30/2021,1,2,7.5,unfed,A,7.5_A,1,NA,2647.12,NA,NA,NA,NA,NA,NA,0.001211,SDR_24channel,,
9/30/2021,1,2,7.5,unfed,B,7.5_B,1,NA,3905.44,NA,NA,NA,NA,NA,NA,0.004368,SDR_24channel,,
9/30/2021,1,2,7.5,unfed,C,7.5_C,1,NA,2696.91,NA,NA,NA,NA,NA,NA,0.001311,SDR_24channel,,
9/30/2021,1,2,7.5,unfed,D,7.5_D,1,NA,2537.18,NA,NA,NA,NA,NA,NA,0.001038,SDR_24channel,,CHIPPED
9/30/2021,1,2,7.5,fed,A,7.5_A,2,NA,2535.63,NA,NA,NA,NA,NA,NA,0.000701,SDR_24channel,,
9/30/2021,1,2,7.5,fed,B,7.5_B,2,NA,2717.97,NA,NA,NA,NA,NA,NA,0.001384,SDR_24channel,,
9/30/2021,1,2,7.5,fed,C,7.5_C,2,NA,3916.36,NA,NA,NA,NA,NA,NA,0.004153,SDR_24channel,,
9/30/2021,1,1,7.5,fed,D,7.5_D,2,NA,3900.23,NA,NA,NA,NA,NA,NA,0.004805,SDR_24channel,,
9/30/2021,1,1,7.5,unfed,A,7.5_A,2,NA,2768.54,NA,NA,NA,NA,NA,NA,0.001367,SDR_24channel,,
9/30/2021,1,1,7.5,unfed,B,7.5_B,2,NA,2371.08,NA,NA,NA,NA,NA,NA,0.000796,SDR_24channel,,
9/30/2021,1,1,7.5,unfed,C,7.5_C,2,NA,2773.61,NA,NA,NA,NA,NA,NA,0.001355,SDR_24channel,,
9/30/2021,1,1,7.5,unfed,D,7.5_D,2,NA,NA,NA,NA,NA,NA,NA,NA,0.000618,SDR_24channel,,
9/30/2021,1,1,7.5,fed,A,7.5_A,3,NA,NA,NA,NA,NA,NA,NA,NA,0.003817,SDR_24channel,,SMASHED
9/30/2021,1,1,7.5,fed,B,7.5_B,3,NA,2734.68,NA,NA,NA,NA,NA,NA,0.001652,SDR_24channel,,
9/30/2021,1,1,7.5,fed,C,7.5_C,3,NA,2646.79,NA,NA,NA,NA,NA,NA,0.001122,SDR_24channel,,
9/30/2021,1,1,7.5,fed,D,7.5_D,3,NA,4074.55,NA,NA,NA,NA,NA,NA,0.004863,SDR_24channel,,
9/30/2021,1,1,7.5,unfed,A,7.5_A,3,NA,2995.63,NA,NA,NA,NA,NA,NA,0.002308,SDR_24channel,,
9/30/2021,2,2,7.5,fed,A,7.5_A,4,NA,3826.27,NA,NA,NA,NA,NA,NA,0.004107,SDR_24channel,,
9/30/2021,2,1,7.5,fed,B,7.5_B,4,NA,4474.19,NA,NA,NA,NA,NA,NA,0.006821,SDR_24channel,,
9/30/2021,2,1,7.5,fed,C,7.5_C,4,NA,5218.02,NA,NA,NA,NA,NA,NA,0.011898,SDR_24channel,,
9/30/2021,2,1,7.5,fed,D,7.5_D,4,NA,3661.37,NA,NA,NA,NA,NA,NA,0.003718,SDR_24channel,,
9/30/2021,2,1,7.5,unfed,A,7.5_A,4,NA,2310.81,NA,NA,NA,NA,NA,NA,0.000677,SDR_24channel,,
9/30/2021,2,1,7.5,unfed,B,7.5_B,4,NA,2849.95,NA,NA,NA,NA,NA,NA,0.001744,SDR_24channel,,
9/30/2021,2,2,7.5,unfed,C,7.5_C,4,NA,2617.18,NA,NA,NA,NA,NA,NA,0.001128,SDR_24channel,,
9/30/2021,2,2,7.5,unfed,D,7.5_D,4,NA,1680.43,NA,NA,NA,NA,NA,NA,0.000263,SDR_24channel,,
9/30/2021,2,1,7.5,fed,A,7.5_A,5,NA,5202.82,NA,NA,NA,NA,NA,NA,0.011981,SDR_24channel,,
9/30/2021,2,2,7.5,fed,B,7.5_B,5,NA,3971.07,NA,NA,NA,NA,NA,NA,0.004345,SDR_24channel,,
9/30/2021,2,2,7.5,fed,C,7.5_C,5,NA,3425.45,NA,NA,NA,NA,NA,NA,0.002781,SDR_24channel,,
9/30/2021,2,2,7.5,fed,D,7.5_D,5,NA,5311.22,NA,NA,NA,NA,NA,NA,0.011096,SDR_24channel,,
9/30/2021,2,2,7.5,unfed,A,7.5_A,5,NA,2981.4,NA,NA,NA,NA,NA,NA,0.001572,SDR_24channel,,
9/30/2021,2,2,7.5,unfed,B,7.5_B,5,NA,2569.93,NA,NA,NA,NA,NA,NA,0.001042,SDR_24channel,,
9/30/2021,2,1,7.5,unfed,C,7.5_C,5,NA,2392.46,NA,NA,NA,NA,NA,NA,NA,SDR_24channel,,
9/30/2021,2,1,7.5,unfed,D,7.5_D,5,NA,2588.62,NA,NA,NA,NA,NA,NA,0.001114,SDR_24channel,,
9/30/2021,1,2,8,fed,A,8_A,1,NA,3726.56,NA,NA,NA,NA,NA,NA,0.003777,SDR_24channel,,
9/30/2021,1,2,8,fed,B,8_B,1,NA,4277.99,NA,NA,NA,NA,NA,NA,0.005198,SDR_24channel,,
9/30/2021,1,2,8,fed,C,8_C,1,NA,3021.9,NA,NA,NA,NA,NA,NA,0.000602,SDR_24channel,,SMASHED
9/30/2021,1,2,8,fed,D,8_D,1,NA,5545.94,NA,NA,NA,NA,NA,NA,0.013734,SDR_24channel,,
9/30/2021,1,2,8,unfed,A,8_A,1,NA,2338.16,NA,NA,NA,NA,NA,NA,0.002014,SDR_24channel,,
9/30/2021,1,2,8,unfed,B,8_B,1,NA,4063.04,NA,NA,NA,NA,NA,NA,0.004994,SDR_24channel,,
9/30/2021,1,2,8,unfed,C,8_C,1,NA,2772.19,NA,NA,NA,NA,NA,NA,0.001461,SDR_24channel,,
9/30/2021,1,2,8,unfed,D,8_D,1,NA,3548.86,NA,NA,NA,NA,NA,NA,0.003948,SDR_24channel,,
9/30/2021,1,2,8,fed,A,8_A,2,NA,3833.44,NA,NA,NA,NA,NA,NA,0.004283,SDR_24channel,,
9/30/2021,1,2,8,fed,B,8_B,2,NA,5084.03,NA,NA,NA,NA,NA,NA,0.011496,SDR_24channel,,
9/30/2021,1,2,8,fed,C,8_C,2,NA,2994.94,NA,NA,NA,NA,NA,NA,0.00179,SDR_24channel,,
9/30/2021,1,1,8,fed,D,8_D,2,NA,3102.14,NA,NA,NA,NA,NA,NA,0.002123,SDR_24channel,,
9/30/2021,1,1,8,unfed,A,8_A,2,NA,2741.79,NA,NA,NA,NA,NA,NA,0.001382,SDR_24channel,,
9/30/2021,1,1,8,unfed,B,8_B,2,NA,2852.4,NA,NA,NA,NA,NA,NA,0.00158,SDR_24channel,,
9/30/2021,1,1,8,unfed,C,8_C,2,NA,2339.1,NA,NA,NA,NA,NA,NA,0.000828,SDR_24channel,,
9/30/2021,1,1,8,unfed,D,8_D,2,NA,3134.22,NA,NA,NA,NA,NA,NA,0.002227,SDR_24channel,,
9/30/2021,1,1,8,fed,A,8_A,3,NA,5080.44,NA,NA,NA,NA,NA,NA,0.011619,SDR_24channel,,
9/30/2021,1,1,8,fed,B,8_B,3,NA,4725.11,NA,NA,NA,NA,NA,NA,0.00779,SDR_24channel,,
9/30/2021,1,1,8,fed,C,8_C,3,NA,3528.6,NA,NA,NA,NA,NA,NA,0.004149,SDR_24channel,,
9/30/2021,1,1,8,fed,D,8_D,3,NA,3353.75,NA,NA,NA,NA,NA,NA,0.003027,SDR_24channel,,
9/30/2021,1,1,8,unfed,A,8_A,3,NA,2926.51,NA,NA,NA,NA,NA,NA,0.001905,SDR_24channel,,
9/30/2021,1,1,8,unfed,B,8_B,3,NA,4098.8,NA,NA,NA,NA,NA,NA,0.005571,SDR_24channel,,
9/30/2021,1,1,8,unfed,B,8_B,3,NA,3162.5,NA,NA,NA,NA,NA,NA,0.002034,SDR_24channel,,
9/30/2021,2,2,8,fed,A,8_A,4,NA,2569.09,NA,NA,NA,NA,NA,NA,0.001218,SDR_24channel,,
9/30/2021,2,2,8,fed,B,8_B,4,NA,4939.21,NA,NA,NA,NA,NA,NA,0.009948,SDR_24channel,,
9/30/2021,2,1,8,fed,C,8_C,4,NA,3008.54,NA,NA,NA,NA,NA,NA,0.001894,SDR_24channel,,
9/30/2021,2,2,8,fed,D,8_D,4,NA,4130.83,NA,NA,NA,NA,NA,NA,0.004762,SDR_24channel,,
9/30/2021,2,1,8,unfed,A,8_A,4,NA,2794.6,NA,NA,NA,NA,NA,NA,0.001439,SDR_24channel,,
9/30/2021,2,1,8,unfed,B,8_B,4,NA,3456.24,NA,NA,NA,NA,NA,NA,0.003113,SDR_24channel,,
9/30/2021,2,1,8,unfed,C,8_C,4,NA,2515.39,NA,NA,NA,NA,NA,NA,0.001307,SDR_24channel,,
9/30/2021,2,1,8,unfed,D,8_D,4,NA,2216.96,NA,NA,NA,NA,NA,NA,0.000726,SDR_24channel,,
9/30/2021,2,1,8,fed,A,8_A,5,NA,4532.4,NA,NA,NA,NA,NA,NA,0.007887,SDR_24channel,,
9/30/2021,2,2,8,fed,B,8_B,5,NA,3841.53,NA,NA,NA,NA,NA,NA,0.004529,SDR_24channel,,
9/30/2021,2,1,8,fed,C,8_C,5,NA,2291.39,NA,NA,NA,NA,NA,NA,0.000801,SDR_24channel,,
9/30/2021,2,2,8,fed,D,8_D,5,NA,3569.03,NA,NA,NA,NA,NA,NA,0.004801,SDR_24channel,,
9/30/2021,2,2,8,unfed,A,8_A,5,NA,3121.74,NA,NA,NA,NA,NA,NA,0.002702,SDR_24channel,,
9/30/2021,2,1,8,unfed,B,8_B,5,NA,2975.12,NA,NA,NA,NA,NA,NA,0.002133,SDR_24channel,,
9/30/2021,2,2,8,unfed,C,8_C,5,NA,2441.63,NA,NA,NA,NA,NA,NA,0.000969,SDR_24channel,,
9/30/2021,2,2,8,unfed,D,8_D,5,NA,1872.86,NA,NA,NA,NA,NA,NA,0.000416,SDR_24channel,,
10/26/2021,1,NA,7.5,fed,A,7.5_A,1,0.2,8900,0.4111,0.4596,0.4139,0.4182,0.0485,0.0043,0.0528,loligo_8channel,,
10/26/2021,1,NA,7.5,fed,B,7.5_B,1,0.1,7030,0.4193,0.4459,0.4114,0.4144,0.0266,0.003,0.0296,loligo_8channel,,
10/26/2021,1,NA,7.5,fed,C,7.5_C,1,0.1,7400,0.4058,0.433,0.4154,0.4184,0.0272,0.003,0.0302,loligo_8channel,,
10/26/2021,2,NA,7.5,fed,D,7.5_D,1,0.1,7420,0.417,0.4445,0.4126,0.415,0.0275,0.0024,0.0299,loligo_8channel,,
10/26/2021,2,NA,7.5,fed,A,7.5_A,2,0.4,13490,0.4133,0.5504,0.4124,0.4267,0.1371,0.0143,0.1514,loligo_8channel,,
10/26/2021,2,NA,7.5,fed,B,7.5_B,2,0.2,10100,0.4118,0.4807,0.4117,0.4191,0.0689,0.0074,0.0763,loligo_8channel,,
10/26/2021,3,NA,7.5,fed,C,7.5_C,2,0.2,9550,0.4109,0.4686,0.418,0.4255,0.0577,0.0075,0.0652,loligo_8channel,,
10/26/2021,3,NA,7.5,fed,D,7.5_D,2,0.2,8890,0.4112,0.4531,0.4149,0.4202,0.0419,0.0053,0.0472,loligo_8channel,,
10/26/2021,3,NA,7.5,fed,B,7.5_B,3,0.2,9510,0.4087,0.4668,0.4157,0.4222,0.0581,0.0065,0.0646,loligo_8channel,,
10/26/2021,3,NA,7.5,fed,C,7.5_C,3,0.2,9710,0.4107,0.4729,0.4097,0.4164,0.0622,0.0067,0.0689,loligo_8channel,,
10/26/2021,1,NA,8,fed,A,8_A,1,0.4,12610,0.4106,0.5517,0.4128,0.4259,0.1411,0.0131,0.1542,loligo_8channel,,
10/26/2021,1,NA,8,fed,B,8_B,1,0.2,8940,0.409,0.4571,0.4168,0.4237,0.0481,0.0069,0.055,loligo_8channel,,
10/26/2021,1,NA,8,fed,C,8_C,1,0.5,14070,0.4196,0.5996,0.4132,0.4326,0.18,0.0194,0.1994,loligo_8channel,,
10/26/2021,2,NA,8,fed,D,8_D,1,0.1,8650,0.4136,0.4575,0.4118,0.4156,0.0439,0.0038,0.0477,loligo_8channel,,
10/26/2021,2,NA,8,fed,A,8_A,2,0.5,14310,0.4188,0.5912,0.4115,0.4275,0.1724,0.016,0.1884,loligo_8channel,,
10/26/2021,2,NA,8,fed,B,8_B,2,0.2,11610,0.4108,0.4954,0.4108,0.424,0.0846,0.0132,0.0978,loligo_8channel,,
10/26/2021,3,NA,8,fed,C,8_C,2,0.4,12530,0.4095,0.5424,0.4219,0.4362,0.1329,0.0143,0.1472,loligo_8channel,,
10/26/2021,3,NA,8,fed,D,8_D,2,0.3,11400,0.4137,0.5085,0.4135,0.4235,0.0948,0.01,0.1048,loligo_8channel,,
10/26/2021,1_B,NA,7.5,unfed,A,7.5_A,1,NA,3851.85,NA,NA,NA,NA,NA,NA,3.422,SDR_24channel,,
10/26/2021,1_B,NA,7.5,unfed,B,7.5_B,1,NA,2985.22,NA,NA,NA,NA,NA,NA,2.252,SDR_24channel,,
10/26/2021,1_B,NA,7.5,unfed,C,7.5_C,1,NA,4286.87,NA,NA,NA,NA,NA,NA,4.927,SDR_24channel,,
10/26/2021,1_B,NA,7.5,unfed,D,7.5_D,1,NA,3250.48,NA,NA,NA,NA,NA,NA,2.515,SDR_24channel,,
10/26/2021,1_B,NA,7.5,unfed,A,7.5_A,2,NA,3218.16,NA,NA,NA,NA,NA,NA,2.377,SDR_24channel,,
10/26/2021,1_B,NA,7.5,unfed,B,7.5_B,2,NA,3847.25,NA,NA,NA,NA,NA,NA,4.255,SDR_24channel,,
10/26/2021,1_B,NA,7.5,unfed,C,7.5_C,2,NA,4126.57,NA,NA,NA,NA,NA,NA,4.498,SDR_24channel,,
10/26/2021,1_B,NA,7.5,unfed,D,7.5_D,2,NA,3781.86,NA,NA,NA,NA,NA,NA,1.658,SDR_24channel,,
10/26/2021,1_B,NA,8,unfed,A,8_A,1,NA,3228.52,NA,NA,NA,NA,NA,NA,2.237,SDR_24channel,,
10/26/2021,1_B,NA,8,unfed,B,8_B,1,NA,2976.68,NA,NA,NA,NA,NA,NA,2.14,SDR_24channel,,
10/26/2021,1_B,NA,8,unfed,C,8_C,1,NA,2167.19,NA,NA,NA,NA,NA,NA,0.622,SDR_24channel,,
10/26/2021,1_B,NA,8,unfed,D,8_D,1,NA,2355.83,NA,NA,NA,NA,NA,NA,0.884,SDR_24channel,,
10/26/2021,1_B,NA,8,unfed,A,8_A,2,NA,3092.98,NA,NA,NA,NA,NA,NA,2.795,SDR_24channel,,
10/26/2021,1_B,NA,8,unfed,B,8_B,2,NA,3956.4,NA,NA,NA,NA,NA,NA,4.083,SDR_24channel,,
10/26/2021,1_B,NA,8,unfed,C,8_C,2,NA,2233.2,NA,NA,NA,NA,NA,NA,0.594,SDR_24channel,,
10/26/2021,1_B,NA,8,unfed,D,8_D,2,NA,4715.58,NA,NA,NA,NA,NA,NA,7.049,SDR_24channel,,
2/2/2022,1,NA,7.5,NA,A,7.5_A,1,0.6574,14900,1.2687,1.5134,0.411,0.45,0.2447,0.039,0.2837,loligo_8channel,,
2/2/2022,1,NA,7.5,NA,B,7.5_B,1,0.4508,13600,1.2658,1.4405,0.4082,0.4405,0.1747,0.0323,0.207,loligo_8channel,,
2/2/2022,1,NA,7.5,NA,C,7.5_C,1,0.5277,14000,1.2766,1.4782,0.4175,0.4452,0.2016,0.0277,0.2293,loligo_8channel,,
2/2/2022,2,NA,7.5,NA,D,7.5_D,1,0.569,14750,1.2738,1.479,0.4121,0.4324,0.2052,0.0203,0.2255,loligo_8channel,,
2/2/2022,2,NA,7.5,NA,E,7.5_E,1,0.4472,13200,1.2711,1.4182,0.4112,0.4376,0.1471,0.0264,0.1735,loligo_8channel,,
2/2/2022,2,NA,7.5,NA,F,7.5_F,1,0.4172,13000,1.2673,1.4323,0.4088,0.4361,0.165,0.0273,0.1923,loligo_8channel,,
2/2/2022,3,NA,7.5,NA,G,7.5_G,1,0.4402,14000,1.2502,1.423,0.4102,0.4464,0.1728,0.0362,0.209,loligo_8channel,,
2/2/2022,3,NA,7.5,NA,H,7.5_H,1,0.5418,13600,1.2639,1.4369,0.4121,0.4445,0.173,0.0324,0.2054,loligo_8channel,,
2/2/2022,3,NA,7.5,NA,C,7.5_C,2,0.6289,15100,1.2554,1.4935,0.4148,0.4572,0.2381,0.0424,0.2805,loligo_8channel,,
2/2/2022,1,NA,8,NA,A,8_A,1,0.5078,14350,1.2599,1.4786,0.4141,0.4476,0.2187,0.0335,0.2522,loligo_8channel,,
2/2/2022,1,NA,8,NA,B,8_B,1,0.5458,13800,1.2857,1.4943,0.4145,0.448,0.2086,0.0335,0.2421,loligo_8channel,,
2/2/2022,1,NA,8,NA,C,8_C,1,0.576,14400,1.2563,1.4615,0.4095,0.443,0.2052,0.0335,0.2387,loligo_8channel,,
2/2/2022,2,NA,8,NA,D,8_D,1,0.5629,14000,1.2648,1.472,0.4101,0.4455,0.2072,0.0354,0.2426,loligo_8channel,,
2/2/2022,2,NA,8,NA,E,8_E,1,0.5946,14800,1.2783,1.5155,0.4129,0.4511,0.2372,0.0382,0.2754,loligo_8channel,,
2/2/2022,2,NA,8,NA,F,8_F,1,0.5324,14200,1.2638,1.4582,0.4158,0.4513,0.1944,0.0355,0.2299,loligo_8channel,,
2/2/2022,3,NA,8,NA,G,8_G,1,0.4402,14000,1.2865,1.4379,0.4162,0.4485,0.1514,0.0323,0.1837,loligo_8channel,,
2/2/2022,3,NA,8,NA,H,8_H,1,0.5418,14000,1.281,1.4816,0.4127,0.4472,0.2006,0.0345,0.2351,loligo_8channel,,
2/2/2022,3,NA,8,NA,C,8_C,2,0.6289,14800,1.2827,1.5155,0.411,0.4507,0.2328,0.0397,0.2725,loligo_8channel,,
3/1/2022,1,NA,7.5,NA,A,7.5_A,1,2.5643,22200,1.2833,2.1205,0.41,0.5863,0.8372,0.1763,1.0135,loligo_8channel,,
3/1/2022,1,NA,7.5,NA,B,7.5_B,1,2.1273,21900,1.2511,2.0494,0.4162,0.5684,0.7983,0.1522,0.9505,loligo_8channel,,
3/1/2022,1,NA,7.5,NA,C,7.5_C,1,2.0713,23750,1.2466,2.2493,0.4141,0.5862,1.0027,0.1721,1.1748,loligo_8channel,,
3/1/2022,2,NA,7.5,NA,D,7.5_D,1,2.3687,22400,1.2586,2.201,0.4099,0.6067,0.9424,0.1968,1.1392,loligo_8channel,,
3/1/2022,2,NA,7.5,NA,E,7.5_E,1,2.5022,23450,1.2864,2.3949,0.4142,0.6137,1.1085,0.1995,1.308,loligo_8channel,,
3/1/2022,2,NA,7.5,NA,F,7.5_F,1,2.7162,23900,1.2588,2.363,0.4148,0.6573,1.1042,0.2425,1.3467,loligo_8channel,,
3/1/2022,3,NA,7.5,NA,G,7.5_G,1,2.8583,24300,1.2593,2.3551,0.4176,0.6657,1.0958,0.2481,1.3439,loligo_8channel,,
3/1/2022,3,NA,7.5,NA,H,7.5_H,1,2.8938,23500,1.2741,2.4981,0.417,0.6412,1.224,0.2242,1.4482,loligo_8channel,,
3/1/2022,3,NA,7.5,NA,B,7.5_B,2,2.0441,21350,1.2529,2.0331,0.4129,0.5565,0.7802,0.1436,0.9238,loligo_8channel,,
3/1/2022,1,NA,8,NA,A,8_A,1,1.6342,20200,1.2544,1.9092,0.4139,0.5402,0.6548,0.1263,0.7811,loligo_8channel,,
3/1/2022,1,NA,8,NA,B,8_B,1,1.5685,20350,1.2639,1.8847,0.4121,0.4924,0.6208,0.0803,0.7011,loligo_8channel,,
3/1/2022,1,NA,8,NA,C,8_C,1,1.9218,21900,1.2669,2.1112,0.4159,0.5706,0.8443,0.1547,0.999,loligo_8channel,,
3/1/2022,2,NA,8,NA,D,8_D,1,2.6922,23900,1.2764,2.2557,0.4194,0.6154,0.9793,0.196,1.1753,loligo_8channel,,
3/1/2022,2,NA,8,NA,E,8_E,1,2.3138,23000,1.263,2.0299,0.4146,0.5245,0.7669,0.1099,0.8768,loligo_8channel,,
3/1/2022,2,NA,8,NA,F,8_F,1,2.5191,23700,1.2511,2.3287,0.4149,0.6075,1.0776,0.1926,1.2702,loligo_8channel,,
3/1/2022,3,NA,8,NA,G,8_G,1,1.84,21200,1.269,2.0401,0.4206,0.5626,0.7711,0.142,0.9131,loligo_8channel,,
3/1/2022,3,NA,8,NA,H,8_H,1,2.0275,22050,1.2665,2.1484,0.415,0.5555,0.8819,0.1405,1.0224,loligo_8channel,,
3/1/2022,3,NA,8,NA,E,8_E,2,1.6042,21000,1.2627,1.8965,0.4102,0.5277,0.6338,0.1175,0.7513,loligo_8channel,,
9/22/2022,1,NA,7.5,NA,A,7.5_A,1,17.3,43350,1.089,NA,NA,1.983,6.754,0.894,7.648,loligo_8channel,,
9/22/2022,1,NA,7.5,NA,B,7.5_B,1,16.2,42400,1.085,NA,NA,2.021,5.61,0.936,6.55,loligo_8channel,,
9/22/2022,1,NA,7.5,NA,C,7.5_C,1,19.6,45350,1.096,NA,NA,2.254,7.37,1.158,8.53,loligo_8channel,,
9/22/2022,1,NA,7.5,NA,D,7.5_D,1,25.2,45700,1.1,NA,NA,2.516,8.32,1.416,9.737,loligo_8channel,,
9/22/2022,1,NA,7.5,NA,A,7.5_A,2,11.6,36900,1.093,NA,NA,1.573,4.9,0.48,5.382,loligo_8channel,,
9/22/2022,1,NA,7.5,NA,B,7.5_B,2,11.8,39500,1.108,NA,NA,1.565,3.93,0.457,4.386,loligo_8channel,,
9/22/2022,1,NA,7.5,NA,C,7.5_C,2,17.7,44800,1.103,NA,NA,2.041,7.26,0.938,8.196,loligo_8channel,,
9/22/2022,2,NA,8,NA,A,8_A,1,18.3,43800,1.096,NA,NA,2.465,6.557,1.369,7.926,loligo_8channel,,
9/22/2022,2,NA,8,NA,B,8_B,1,18.6,44300,1.095,NA,NA,2.238,7.12,1.143,8.263,loligo_8channel,,
9/22/2022,2,NA,8,NA,C,8_C,1,20.7,45900,1.102,NA,NA,2.055,8.33,0.953,9.279,loligo_8channel,,
9/22/2022,2,NA,8,NA,D,8_D,1,17.9,41900,1.104,NA,NA,1.845,7.89,0.741,8.628,loligo_8channel,,
9/22/2022,2,NA,8,NA,A,8_A,2,16.9,45100,1.094,NA,NA,2.071,6.82,0.977,7.798,loligo_8channel,,
9/22/2022,2,NA,8,NA,B,8_B,2,15.7,42900,1.098,NA,NA,1.792,5.51,0.694,6.207,loligo_8channel,,
9/22/2022,2,NA,8,NA,A,8_A,3,18.7,46700,1.095,NA,NA,2.147,6.69,1.052,7.737,loligo_8channel,,
9/22/2022,1,1,7.5,NA,NA,7.5,1,NA,1640,NA,NA,0.033656,0.033972,NA,NA,0.000316,SDR_24channel,,whole dry weights - tissue NOT separated from shell
9/22/2022,1,1,7.5,NA,NA,7.5,2,NA,1660,NA,NA,0.034324,0.034619,NA,NA,0.000295,SDR_24channel,,whole dry weights - tissue NOT separated from shell
9/22/2022,1,1,7.5,NA,NA,7.5,3,NA,1500,NA,NA,0.034,0.034004,NA,NA,4.00E-06,SDR_24channel,,whole dry weights - tissue NOT separated from shell
9/22/2022,1,1,7.5,NA,NA,7.5,4,NA,1900,NA,NA,0.033249,0.033758,NA,NA,0.000509,SDR_24channel,,whole dry weights - tissue NOT separated from shell
9/22/2022,1,1,7.5,NA,NA,7.5,5,NA,1610,NA,NA,0.033076,0.033507,NA,NA,0.000431,SDR_24channel,,whole dry weights - tissue NOT separated from shell
9/22/2022,1,1,7.5,NA,NA,7.5,6,NA,1370,NA,NA,0.033049,0.033243,NA,NA,0.000194,SDR_24channel,,CRUSHED: whole dry weights - tissue NOT separated from shell
9/22/2022,1,1,7.5,NA,NA,7.5,7,NA,1830,NA,NA,0.033446,0.033844,NA,NA,0.000398,SDR_24channel,,whole dry weights - tissue NOT separated from shell
9/22/2022,1,1,7.5,NA,NA,7.5,8,NA,1460,NA,NA,0.033084,0.033323,NA,NA,0.000239,SDR_24channel,,whole dry weights - tissue NOT separated from shell
9/22/2022,1,1,7.5,NA,NA,7.5,9,NA,1690,NA,NA,0.034058,0.034476,NA,NA,0.000418,SDR_24channel,,whole dry weights - tissue NOT separated from shell
9/22/2022,1,1,7.5,NA,NA,7.5,10,NA,NA,NA,NA,0.034057,0.034266,NA,NA,0.000209,SDR_24channel,,CRUSHED: whole dry weights - tissue NOT separated from shell
9/22/2022,1,1,7.5,NA,NA,7.5,11,NA,1650,NA,NA,0.03429,0.03461,NA,NA,0.00032,SDR_24channel,,whole dry weights - tissue NOT separated from shell
9/22/2022,1,1,7.5,NA,NA,7.5,12,NA,1670,NA,NA,0.033119,0.033479,NA,NA,0.00036,SDR_24channel,,whole dry weights - tissue NOT separated from shell
9/22/2022,1,2,7.5,NA,NA,7.5,13,NA,2030,NA,NA,0.033394,0.033996,NA,NA,0.000602,SDR_24channel,,whole dry weights - tissue NOT separated from shell
9/22/2022,1,2,7.5,NA,NA,7.5,14,NA,1920,NA,NA,0.032767,0.033337,NA,NA,0.00057,SDR_24channel,,whole dry weights - tissue NOT separated from shell
9/22/2022,1,2,7.5,NA,NA,7.5,15,NA,1660,NA,NA,0.034285,0.034578,NA,NA,0.000293,SDR_24channel,,whole dry weights - tissue NOT separated from shell
9/22/2022,1,2,7.5,NA,NA,7.5,16,NA,1490,NA,NA,0.033639,0.033863,NA,NA,0.000224,SDR_24channel,,whole dry weights - tissue NOT separated from shell
9/22/2022,1,2,7.5,NA,NA,7.5,17,NA,1630,NA,NA,0.033736,0.034038,NA,NA,0.000302,SDR_24channel,,whole dry weights - tissue NOT separated from shell
9/22/2022,1,2,7.5,NA,NA,7.5,18,NA,1360,NA,NA,0.033948,0.034146,NA,NA,0.000198,SDR_24channel,,whole dry weights - tissue NOT separated from shell
9/22/2022,1,2,7.5,NA,NA,7.5,19,NA,1520,NA,NA,0.033837,0.034054,NA,NA,0.000217,SDR_24channel,,whole dry weights - tissue NOT separated from shell
9/22/2022,1,2,7.5,NA,NA,7.5,20,NA,1540,NA,NA,0.03284,0.033063,NA,NA,0.000223,SDR_24channel,,whole dry weights - tissue NOT separated from shell
9/22/2022,1,3,7.5,NA,NA,7.5,21,NA,1680,NA,NA,0.034664,0.034994,NA,NA,0.00033,SDR_24channel,,whole dry weights - tissue NOT separated from shell
9/22/2022,1,3,7.5,NA,NA,7.5,22,NA,1760,NA,NA,0.033247,0.033654,NA,NA,0.000407,SDR_24channel,,whole dry weights - tissue NOT separated from shell
9/22/2022,1,3,7.5,NA,NA,7.5,23,NA,1540,NA,NA,0.032767,0.032991,NA,NA,0.000224,SDR_24channel,,whole dry weights - tissue NOT separated from shell
9/22/2022,1,3,7.5,NA,NA,7.5,24,NA,1390,NA,NA,0.033698,0.033902,NA,NA,0.000204,SDR_24channel,,whole dry weights - tissue NOT separated from shell
9/22/2022,1,3,7.5,NA,NA,7.5,25,NA,1670,NA,NA,0.03388,0.034178,NA,NA,0.000298,SDR_24channel,,whole dry weights - tissue NOT separated from shell
9/22/2022,1,3,7.5,NA,NA,7.5,26,NA,1550,NA,NA,0.033698,0.033963,NA,NA,0.000265,SDR_24channel,,whole dry weights - tissue NOT separated from shell
9/22/2022,1,3,7.5,NA,NA,7.5,27,NA,1570,NA,NA,0.033249,0.033535,NA,NA,0.000286,SDR_24channel,,whole dry weights - tissue NOT separated from shell
9/22/2022,1,1,8,NA,NA,8,1,NA,1830,NA,NA,0.033829,0.034354,NA,NA,0.000525,SDR_24channel,,whole dry weights - tissue NOT separated from shell
9/22/2022,1,1,8,NA,NA,8,2,NA,1720,NA,NA,0.033337,0.033665,NA,NA,0.000328,SDR_24channel,,whole dry weights - tissue NOT separated from shell
9/22/2022,1,1,8,NA,NA,8,3,NA,1760,NA,NA,0.033841,0.034251,NA,NA,0.00041,SDR_24channel,,CRUSHED: whole dry weights - tissue NOT separated from shell
9/22/2022,1,1,8,NA,NA,8,4,NA,2150,NA,NA,0.034447,0.035447,NA,NA,0.001,SDR_24channel,,whole dry weights - tissue NOT separated from shell
9/22/2022,1,2,8,NA,NA,8,5,NA,1330,NA,NA,0.033913,0.034083,NA,NA,0.00017,SDR_24channel,,whole dry weights - tissue NOT separated from shell
9/22/2022,1,2,8,NA,NA,8,6,NA,1830,NA,NA,0.033301,0.033885,NA,NA,0.000584,SDR_24channel,,whole dry weights - tissue NOT separated from shell
9/22/2022,1,2,8,NA,NA,8,7,NA,1710,NA,NA,0.03305,0.033393,NA,NA,0.000343,SDR_24channel,,whole dry weights - tissue NOT separated from shell
9/22/2022,1,2,8,NA,NA,8,8,NA,1270,NA,NA,0.032562,0.032645,NA,NA,8.30E-05,SDR_24channel,,whole dry weights - tissue NOT separated from shell
9/22/2022,1,2,8,NA,NA,8,9,NA,1890,NA,NA,0.034039,0.034495,NA,NA,0.000456,SDR_24channel,,whole dry weights - tissue NOT separated from shell
9/22/2022,1,2,8,NA,NA,8,10,NA,2100,NA,NA,0.034016,0.03481,NA,NA,0.000794,SDR_24channel,,whole dry weights - tissue NOT separated from shell
9/22/2022,1,2,8,NA,NA,8,11,NA,1930,NA,NA,0.034707,0.035218,NA,NA,0.000511,SDR_24channel,,whole dry weights - tissue NOT separated from shell
9/22/2022,1,3,8,NA,NA,8,12,NA,2040,NA,NA,0.03365,0.034409,NA,NA,0.000759,SDR_24channel,,whole dry weights - tissue NOT separated from shell
9/22/2022,1,3,8,NA,NA,8,13,NA,2080,NA,NA,0.03294,0.033633,NA,NA,0.000693,SDR_24channel,,whole dry weights - tissue NOT separated from shell
9/22/2022,1,3,8,NA,NA,8,14,NA,2050,NA,NA,0.034229,0.034824,NA,NA,0.000595,SDR_24channel,,whole dry weights - tissue NOT separated from shell
9/22/2022,1,3,8,NA,NA,8,15,NA,1860,NA,NA,0.033101,0.033509,NA,NA,0.000408,SDR_24channel,,whole dry weights - tissue NOT separated from shell
9/22/2022,1,3,8,NA,NA,8,16,NA,1970,NA,NA,0.033809,0.034366,NA,NA,0.000557,SDR_24channel,,whole dry weights - tissue NOT separated from shell
9/22/2022,1,3,8,NA,NA,8,17,NA,1940,NA,NA,0.033642,0.034163,NA,NA,0.000521,SDR_24channel,,whole dry weights - tissue NOT separated from shell
9/22/2022,1,3,8,NA,NA,8,18,NA,1820,NA,NA,0.033411,0.033832,NA,NA,0.000421,SDR_24channel,,whole dry weights - tissue NOT separated from shell
9/22/2022,1,3,8,NA,NA,8,19,NA,1900,NA,NA,0.034007,0.034541,NA,NA,0.000534,SDR_24channel,,whole dry weights - tissue NOT separated from shell
10/26/2022,2,NA,7.5,NA,A,7.5_A,1,19.1,46490,<add here>,<add here>,<add here>,<add here>,<add here>,1.2339,NA,loligo_8channel,large,
10/26/2022,2,NA,7.5,NA,B,7.5_B,1,21.1,45520,<add here>,<add here>,<add here>,<add here>,<add here>,1.0538,NA,loligo_8channel,large,
10/26/2022,2,NA,7.5,NA,C,7.5_C,1,26.9,51740,<add here>,<add here>,<add here>,<add here>,<add here>,1.8877,NA,loligo_8channel,large,
10/26/2022,2,NA,7.5,NA,D,7.5_D,1,24.7,50040,<add here>,<add here>,<add here>,<add here>,<add here>,1.7971,NA,loligo_8channel,large,
10/26/2022,2,NA,7.5,NA,E,7.5_E,1,23.9,49860,<add here>,<add here>,<add here>,<add here>,<add here>,2.83,NA,loligo_8channel,large,
10/26/2022,2,NA,7.5,NA,F,7.5_F,1,17.6,42580,<add here>,<add here>,<add here>,<add here>,<add here>,1.4466,NA,loligo_8channel,large,
10/26/2022,2,NA,7.5,NA,G,7.5_G,1,37.7,57870,<add here>,<add here>,<add here>,<add here>,<add here>,0.8803,NA,loligo_8channel,large,
10/26/2022,1,NA,8,NA,A,8_A,1,33,55980,<add here>,<add here>,<add here>,<add here>,<add here>,2.0565,NA,loligo_8channel,large,
10/26/2022,1,NA,8,NA,B,8_B,1,32.2,53760,<add here>,<add here>,<add here>,<add here>,<add here>,2.1796,NA,loligo_8channel,large,
10/26/2022,1,NA,8,NA,C,8_C,1,21.4,47160,<add here>,<add here>,<add here>,<add here>,<add here>,1.1035,NA,loligo_8channel,large,
10/26/2022,1,NA,8,NA,D,8_D,1,31.8,53930,<add here>,<add here>,<add here>,<add here>,<add here>,2.131,NA,loligo_8channel,large,
10/26/2022,1,NA,8,NA,E,8_E,1,18.5,43660,<add here>,<add here>,<add here>,<add here>,<add here>,0.7993,NA,loligo_8channel,large,
10/26/2022,1,NA,8,NA,F,8_F,1,18.6,48110,<add here>,<add here>,<add here>,<add here>,<add here>,1.0177,NA,loligo_8channel,large,
10/26/2022,1,NA,8,NA,G,8_G,1,20.1,46790,<add here>,<add here>,<add here>,<add here>,<add here>,1.3842,NA,loligo_8channel,large,
11/16/2022,3,NA,7,NA,A,7_A,1,0.4663,14500,0.4072,0.6429,0.3966,0.4184,0.2357,0.0218,NA,loligo_8channel,small,
11/16/2022,3,NA,7,NA,A,7_A,2,0.6289,14900,0.403,0.6707,0.3924,0.4202,0.2677,0.0278,NA,loligo_8channel,small,
11/16/2022,3,NA,7,NA,B,7_B,1,0.4402,16600,0.3988,0.6706,0.4002,0.4297,0.2718,0.0295,NA,loligo_8channel,small,
11/16/2022,3,NA,7,NA,B,7_B,2,0.6303,15500,0.3942,0.6609,0.4057,0.4279,0.2667,0.0222,NA,loligo_8channel,small,
11/16/2022,3,NA,7,NA,C,7_C,1,0.4666,15600,0.4045,0.6074,0.4081,0.4311,0.2029,0.023,NA,loligo_8channel,small,
11/16/2022,3,NA,7,NA,C,7_C,2,0.6303,14400,0.403,0.6006,0.4032,0.4262,0.1976,0.023,NA,loligo_8channel,small,
11/16/2022,3,NA,7,NA,D,7_D,1,0.5418,15800,0.4039,0.6566,0.4054,0.4321,0.2527,0.0267,NA,loligo_8channel,small,
11/16/2022,1,NA,7.5,NA,A,7.5_A,1,0.576,14400,0.3977,0.5993,0.4005,0.4223,0.2016,0.0218,NA,loligo_8channel,small,
11/16/2022,1,NA,7.5,NA,A,7.5_A,2,0.5078,15300,0.4027,0.6526,0.3934,0.4206,0.2499,0.0272,NA,loligo_8channel,small,
11/16/2022,1,NA,7.5,NA,B,7.5_B,1,0.6574,16000,0.3969,0.6943,0.4059,0.4355,0.2974,0.0296,NA,loligo_8channel,small,
11/16/2022,1,NA,7.5,NA,B,7.5_B,2,0.4508,15500,0.4076,0.6589,0.4039,0.427,0.2513,0.0231,NA,loligo_8channel,small,
11/16/2022,1,NA,7.5,NA,C,7.5_C,1,0.5458,16400,0.4031,0.7196,0.3981,0.4334,0.3165,0.0353,NA,loligo_8channel,small,
11/16/2022,1,NA,7.5,NA,C,7.5_C,2,0.5277,13900,0.3969,0.5939,0.4002,0.4208,0.197,0.0206,NA,loligo_8channel,small,
11/16/2022,1,NA,7.5,NA,D,7.5_D,1,0.5277,15100,0.4115,0.6517,0.4008,0.4252,0.2402,0.0244,NA,loligo_8channel,small,
11/16/2022,2,NA,8,NA,A,8_A,1,0.5946,16300,0.4065,0.7373,0.3988,0.4316,0.3308,0.0328,NA,loligo_8channel,small,
11/16/2022,2,NA,8,NA,A,8_A,2,0.5629,15900,0.4016,0.6921,0.3882,0.4147,0.2905,0.0265,NA,loligo_8channel,small,
11/16/2022,2,NA,8,NA,B,8_B,1,0.5324,15300,0.4049,0.6803,0.3931,0.4197,0.2754,0.0266,NA,loligo_8channel,small,
11/16/2022,2,NA,8,NA,B,8_B,2,0.4172,13100,0.4035,0.575,0.3884,0.4075,0.1715,0.0191,NA,loligo_8channel,small,
11/16/2022,2,NA,8,NA,C,8_C,1,0.4472,16000,0.4042,0.6811,0.3904,0.4186,0.2769,0.0282,NA,loligo_8channel,small,
11/16/2022,2,NA,8,NA,C,8_C,2,0.569,16100,0.4049,0.6703,0.4042,0.4317,0.2654,0.0275,NA,loligo_8channel,small,
11/16/2022,2,NA,8,NA,D,8_D,1,0.4172,14800,0.3988,0.6109,0.404,0.4276,0.2121,0.0236,NA,loligo_8channel,small,
1/31/2023,1,NA,7,NA,A,7_A,1,2.1,23800,NA,NA,NA,NA,NA,0.1071,NA,loligo_8channel,medium,
1/31/2023,1,NA,7,NA,B,7_B,1,3.1,25700,NA,NA,NA,NA,NA,0.1415,NA,loligo_8channel,medium,
1/31/2023,1,NA,7,NA,C,7_C,1,3.5,26900,NA,NA,NA,NA,NA,0.1529,NA,loligo_8channel,medium,
1/31/2023,1,NA,7,NA,D,7_D,1,3.3,25000,NA,NA,NA,NA,NA,0.0917,NA,loligo_8channel,medium,
1/31/2023,1,NA,7,NA,A,7_A,1,2,23300,NA,NA,NA,NA,NA,0.2263,NA,loligo_8channel,medium,
1/31/2023,1,NA,7,NA,B,7_B,1,2.4,25100,NA,NA,NA,NA,NA,0.1189,NA,loligo_8channel,medium,
1/31/2023,1,NA,7,NA,C,7_C,1,1.2,21900,NA,NA,NA,NA,NA,0.1439,NA,loligo_8channel,medium,
1/31/2023,2,NA,8,NA,A,8_A,1,2.8,24300,NA,NA,NA,NA,NA,0.0801,NA,loligo_8channel,medium,
1/31/2023,2,NA,8,NA,B,8_B,1,2.9,25200,NA,NA,NA,NA,NA,0.1327,NA,loligo_8channel,medium,
1/31/2023,2,NA,8,NA,C,8_C,1,2.2,24000,NA,NA,NA,NA,NA,0.0905,NA,loligo_8channel,medium,
1/31/2023,2,NA,8,NA,D,8_D,1,2,22700,NA,NA,NA,NA,NA,0.0912,NA,loligo_8channel,medium,
1/31/2023,2,NA,8,NA,A,8_A,1,2.5,24200,NA,NA,NA,NA,NA,0.1067,NA,loligo_8channel,medium,
1/31/2023,2,NA,8,NA,B,8_B,1,2.1,23500,NA,NA,NA,NA,NA,0.0727,NA,loligo_8channel,medium,
1/31/2023,2,NA,8,NA,C,8_C,1,2.9,26400,NA,NA,NA,NA,NA,0.138,NA,loligo_8channel,medium,
1/31/2023,3,NA,7.5,NA,A,7.5_A,1,3.2,26400,NA,NA,NA,NA,NA,0.1548,NA,loligo_8channel,medium,
1/31/2023,3,NA,7.5,NA,B,7.5_B,1,3.2,26400,NA,NA,NA,NA,NA,0.1779,NA,loligo_8channel,medium,
1/31/2023,3,NA,7.5,NA,C,7.5_C,1,3,26200,NA,NA,NA,NA,NA,0.1316,NA,loligo_8channel,medium,
1/31/2023,3,NA,7.5,NA,D,7.5_D,1,3.4,27100,NA,NA,NA,NA,NA,0.1463,NA,loligo_8channel,medium,
1/31/2023,3,NA,7.5,NA,A,7.5_A,1,1.9,22800,NA,NA,NA,NA,NA,0.0957,NA,loligo_8channel,medium,
1/31/2023,3,NA,7.5,NA,B,7.5_B,1,2.1,22500,NA,NA,NA,NA,NA,0.0791,NA,loligo_8channel,medium,
1/31/2023,3,NA,7.5,NA,C,7.5_C,1,2.7,24700,NA,NA,NA,NA,NA,0.1348,NA,loligo_8channel,medium,
2/23/2023,1,NA,7,NA,A,7_A,1,10.8,39400,NA,NA,NA,NA,NA,0.4944,NA,loligo_8channel,medium,
2/23/2023,1,NA,7,NA,B,7_B,1,8.5,35500,NA,NA,NA,NA,NA,0.5973,NA,loligo_8channel,medium,
2/23/2023,1,NA,7,NA,C,7_C,1,8.5,36500,NA,NA,NA,NA,NA,0.5698,NA,loligo_8channel,medium,
2/23/2023,1,NA,7,NA,D,7_D,1,6.9,35300,NA,NA,NA,NA,NA,0.4718,NA,loligo_8channel,medium,
2/23/2023,1,NA,7,NA,E,7_E,1,9.3,37000,NA,NA,NA,NA,NA,0.4183,NA,loligo_8channel,medium,
2/23/2023,1,NA,7,NA,F,7_F,1,11.6,41100,NA,NA,NA,NA,NA,0.594,NA,loligo_8channel,medium,
2/23/2023,1,NA,7,NA,G,7_G,1,10,39000,NA,NA,NA,NA,NA,0.523,NA,loligo_8channel,medium,
2/23/2023,2,NA,8,NA,A,8_A,1,7.9,37050,NA,NA,NA,NA,NA,0.4183,NA,loligo_8channel,medium,
2/23/2023,2,NA,8,NA,B,8_B,1,13.5,42500,NA,NA,NA,NA,NA,0.6284,NA,loligo_8channel,medium,
2/23/2023,2,NA,8,NA,C,8_C,1,9.1,37200,NA,NA,NA,NA,NA,0.4329,NA,loligo_8channel,medium,
2/23/2023,2,NA,8,NA,D,8_D,1,9.3,39400,NA,NA,NA,NA,NA,0.5152,NA,loligo_8channel,medium,
2/23/2023,2,NA,8,NA,E,8_E,1,7.4,36300,NA,NA,NA,NA,NA,0.3813,NA,loligo_8channel,medium,
2/23/2023,2,NA,8,NA,F,8_F,1,9.9,40700,NA,NA,NA,NA,NA,0.5246,NA,loligo_8channel,medium,
2/23/2023,2,NA,8,NA,G,8_G,1,7,33700,NA,NA,NA,NA,NA,0.3574,NA,loligo_8channel,medium,
2/23/2023,3,NA,7.5,NA,A,7.5_A,1,9.2,37200,NA,NA,NA,NA,NA,0.5285,NA,loligo_8channel,medium,
2/23/2023,3,NA,7.5,NA,B,7.5_B,1,10.3,38700,NA,NA,NA,NA,NA,0.6314,NA,loligo_8channel,medium,
2/23/2023,3,NA,7.5,NA,C,7.5_C,1,6.5,34400,NA,NA,NA,NA,NA,0.3745,NA,loligo_8channel,medium,
2/23/2023,3,NA,7.5,NA,D,7.5_D,1,9.9,36800,NA,NA,NA,NA,NA,0.6103,NA,loligo_8channel,medium,
2/23/2023,3,NA,7.5,NA,E,7.5_E,1,9.4,37200,NA,NA,NA,NA,NA,0.4759,NA,loligo_8channel,medium,
2/23/2023,3,NA,7.5,NA,F,7.5_F,1,8.4,35700,NA,NA,NA,NA,NA,0.3263,NA,loligo_8channel,medium,
2/23/2023,3,NA,7.5,NA,G,7.5_G,1,8.9,37200,NA,NA,NA,NA,NA,0.3752,NA,loligo_8channel,medium,
3/27/2023,1,NA,7.5,NA,A,7.5_A,1,13.9,42700,NA,NA,NA,NA,NA,0.8607,NA,loligo_8channel,large,
3/27/2023,1,NA,7.5,NA,B,7.5_B,1,13.8,43200,NA,NA,NA,NA,NA,0.8042,NA,loligo_8channel,large,
3/27/2023,1,NA,7.5,NA,C,7.5_C,1,14.6,43950,NA,NA,NA,NA,NA,0.7121,NA,loligo_8channel,large,
3/27/2023,1,NA,7.5,NA,D,7.5_D,1,13.6,43100,NA,NA,NA,NA,NA,0.7292,NA,loligo_8channel,large,
3/27/2023,1,NA,7.5,NA,E,7.5_E,1,14.4,42950,NA,NA,NA,NA,NA,0.7046,NA,loligo_8channel,large,
3/27/2023,1,NA,7.5,NA,F,7.5_F,1,11.4,40300,NA,NA,NA,NA,NA,0.5203,NA,loligo_8channel,large,
3/27/2023,1,NA,7.5,NA,B,7.5_B,2,16.7,44200,NA,NA,NA,NA,NA,0.9047,NA,loligo_8channel,large,
3/27/2023,2,NA,8,NA,A,8_A,1,17.5,45050,NA,NA,NA,NA,NA,0.9269,NA,loligo_8channel,large,
3/27/2023,2,NA,8,NA,B,8_B,1,22,50150,NA,NA,NA,NA,NA,1.4727,NA,loligo_8channel,large,
3/27/2023,2,NA,8,NA,C,8_C,1,19,47900,NA,NA,NA,NA,NA,0.9949,NA,loligo_8channel,large,
3/27/2023,2,NA,8,NA,D,8_D,1,11.4,40200,NA,NA,NA,NA,NA,0.5172,NA,loligo_8channel,large,
3/27/2023,2,NA,8,NA,E,8_E,1,13.6,41600,NA,NA,NA,NA,NA,0.5986,NA,loligo_8channel,large,
3/27/2023,2,NA,8,NA,F,8_F,1,14.4,43450,NA,NA,NA,NA,NA,0.986,NA,loligo_8channel,large,
3/27/2023,2,NA,8,NA,F,8_F,2,14.4,43500,NA,NA,NA,NA,NA,0.7356,NA,loligo_8channel,large,
3/27/2023,3,NA,7,NA,A,7_A,1,14.7,43850,NA,NA,NA,NA,NA,0.9263,NA,loligo_8channel,large,
3/27/2023,3,NA,7,NA,B,7_B,1,13.5,41900,NA,NA,NA,NA,NA,0.7097,NA,loligo_8channel,large,
3/27/2023,3,NA,7,NA,C,7_C,1,16.4,44600,NA,NA,NA,NA,NA,1.121,NA,loligo_8channel,large,
3/27/2023,3,NA,7,NA,D,7_D,1,13,39900,NA,NA,NA,NA,NA,0.6667,NA,loligo_8channel,large,
3/27/2023,3,NA,7,NA,E,7_E,1,15.3,43400,NA,NA,NA,NA,NA,0.747,NA,loligo_8channel,large,
3/27/2023,3,NA,7,NA,F,7_F,1,17.6,47000,NA,NA,NA,NA,NA,1.07,NA,loligo_8channel,large,
3/27/2023,3,NA,7,NA,D,7_D,2,15.4,45700,NA,NA,NA,NA,NA,0.9011,NA,loligo_8channel,large,
5/18/2023,1,1,7.5,NA,A,7.5_A,1,NA,1512,NA,NA,NA,NA,NA,NA,NA,SDR_24channel,,
5/18/2023,1,1,7,NA,A,7_A,1,NA,1499,NA,NA,NA,NA,NA,NA,NA,SDR_24channel,,
5/18/2023,1,1,8,NA,A,8_A,1,NA,1492,NA,NA,NA,NA,NA,NA,NA,SDR_24channel,,
5/18/2023,1,1,8,NA,A,8_A,2,NA,1493,NA,NA,NA,NA,NA,NA,NA,SDR_24channel,,
5/18/2023,1,1,7.5,NA,A,7.5_A,2,NA,1077,NA,NA,NA,NA,NA,NA,NA,SDR_24channel,,
5/18/2023,1,1,7,NA,A,7_A,2,NA,1806,NA,NA,NA,NA,NA,NA,NA,SDR_24channel,,
5/18/2023,1,1,7,NA,A,7_A,3,NA,1785,NA,NA,NA,NA,NA,NA,NA,SDR_24channel,,
5/18/2023,1,1,8,NA,A,8_A,3,NA,2152,NA,NA,NA,NA,NA,NA,NA,SDR_24channel,,
5/18/2023,1,1,7.5,NA,A,7.5_A,3,NA,1058,NA,NA,NA,NA,NA,NA,NA,SDR_24channel,,
5/18/2023,1,1,8,NA,A,8_A,4,NA,2134,NA,NA,NA,NA,NA,NA,NA,SDR_24channel,,
5/18/2023,1,1,7.5,NA,A,7.5_A,4,NA,1891,NA,NA,NA,NA,NA,NA,NA,SDR_24channel,,
5/18/2023,1,1,7,NA,A,7_A,4,NA,1614,NA,NA,NA,NA,NA,NA,NA,SDR_24channel,,
5/18/2023,1,1,7.5,NA,A,7.5_A,5,NA,1282,NA,NA,NA,NA,NA,NA,NA,SDR_24channel,,
5/18/2023,1,1,8,NA,A,8_A,5,NA,1589,NA,NA,NA,NA,NA,NA,NA,SDR_24channel,,
5/18/2023,1,1,7,NA,A,7_A,5,NA,2138,NA,NA,NA,NA,NA,NA,NA,SDR_24channel,,
5/18/2023,1,2,7,NA,B,7_B,1,NA,1841,NA,NA,NA,NA,NA,NA,NA,SDR_24channel,,
5/18/2023,1,2,7.5,NA,B,7.5_B,1,NA,1146,NA,NA,NA,NA,NA,NA,NA,SDR_24channel,,
5/18/2023,1,2,7.5,NA,B,7.5_B,2,NA,1913,NA,NA,NA,NA,NA,NA,NA,SDR_24channel,,
5/18/2023,1,2,8,NA,B,8_B,1,NA,NA,NA,NA,NA,NA,NA,NA,NA,SDR_24channel,,
5/18/2023,1,2,7,NA,B,7_B,2,NA,1773,NA,NA,NA,NA,NA,NA,NA,SDR_24channel,,
5/18/2023,1,2,8,NA,B,8_B,2,NA,1152,NA,NA,NA,NA,NA,NA,NA,SDR_24channel,,
5/18/2023,1,2,7,NA,B,7_B,3,NA,2296,NA,NA,NA,NA,NA,NA,NA,SDR_24channel,,
5/18/2023,1,2,8,NA,B,8_B,3,NA,1296,NA,NA,NA,NA,NA,NA,NA,SDR_24channel,,
5/18/2023,1,2,7.5,NA,B,7.5_B,3,NA,1762,NA,NA,NA,NA,NA,NA,NA,SDR_24channel,,
5/18/2023,1,2,7,NA,B,7_B,4,NA,1657,NA,NA,NA,NA,NA,NA,NA,SDR_24channel,,
5/18/2023,1,2,8,NA,B,8_B,4,NA,1371,NA,NA,NA,NA,NA,NA,NA,SDR_24channel,,
5/18/2023,1,2,7.5,NA,B,7.5_B,4,NA,1149,NA,NA,NA,NA,NA,NA,NA,SDR_24channel,,
5/18/2023,1,2,8,NA,B,8_B,5,NA,2148,NA,NA,NA,NA,NA,NA,NA,SDR_24channel,,
5/18/2023,1,2,7,NA,B,7_B,5,NA,1694,NA,NA,NA,NA,NA,NA,NA,SDR_24channel,,
5/18/2023,1,2,7.5,NA,B,7.5_B,5,NA,1346,NA,NA,NA,NA,NA,NA,NA,SDR_24channel,,
5/18/2023,1,3,8,NA,C,8_C,1,NA,1297,NA,NA,NA,NA,NA,NA,NA,SDR_24channel,,
5/18/2023,1,3,7.5,NA,C,7.5_C,1,NA,1104,NA,NA,NA,NA,NA,NA,NA,SDR_24channel,,
5/18/2023,1,3,7,NA,C,7_C,1,NA,2180,NA,NA,NA,NA,NA,NA,NA,SDR_24channel,,
5/18/2023,1,3,8,NA,C,8_C,2,NA,1330,NA,NA,NA,NA,NA,NA,NA,SDR_24channel,,
5/18/2023,1,3,7.5,NA,C,7.5_C,2,NA,1198,NA,NA,NA,NA,NA,NA,NA,SDR_24channel,,
5/18/2023,1,3,7,NA,C,7_C,2,NA,1140,NA,NA,NA,NA,NA,NA,NA,SDR_24channel,,
5/18/2023,1,3,7.5,NA,C,7.5_C,3,NA,1137,NA,NA,NA,NA,NA,NA,NA,SDR_24channel,,
5/18/2023,1,3,8,NA,C,8_C,3,NA,1139,NA,NA,NA,NA,NA,NA,NA,SDR_24channel,,
5/18/2023,1,3,8,NA,C,8_C,4,NA,1264,NA,NA,NA,NA,NA,NA,NA,SDR_24channel,,
5/18/2023,1,3,7.5,NA,C,7.5_C,4,NA,935,NA,NA,NA,NA,NA,NA,NA,SDR_24channel,,
5/18/2023,1,3,7,NA,C,7_C,3,NA,1176,NA,NA,NA,NA,NA,NA,NA,SDR_24channel,,
5/18/2023,1,3,7.5,NA,C,7.5_C,5,NA,977,NA,NA,NA,NA,NA,NA,NA,SDR_24channel,,
5/18/2023,1,3,7,NA,C,7_C,4,NA,1578,NA,NA,NA,NA,NA,NA,NA,SDR_24channel,,
5/18/2023,1,3,7,NA,C,7_C,5,NA,2045,NA,NA,NA,NA,NA,NA,NA,SDR_24channel,,
5/18/2023,1,3,8,NA,C,8_C,5,NA,1238,NA,NA,NA,NA,NA,NA,NA,SDR_24channel,,
