"","Date","Treatment","Replicate","Temperature_bucket_C","Salinity","DO_mg_l","pH_out","pCO2_out_matm","WCa_out","WAr_out","pCO2_treatment","Generation"
"1","8/19/2021","8","A",23.6,26.8,"",7.821,624.9,2.38,1.53,"Low","F1"
"2","8/19/2021","8","B",23.6,26.8,"",7.828,613.1,2.41,1.54,"Low","F1"
"3","8/19/2021","8","C",23.6,26.8,"",7.845,588.2,2.5,1.6,"Low","F1"
"4","8/19/2021","8","D",23.6,26.8,"",7.83,610.8,2.42,1.55,"Low","F1"
"5","8/19/2021","7.5","A",23.6,26.8,"",7.655,954.2,1.69,1.08,"Moderate","F1"
"6","8/19/2021","7.5","B",23.6,26.8,"",7.659,942.3,1.7,1.09,"Moderate","F1"
"7","8/19/2021","7.5","C",23.6,26.8,"",7.65,966.3,1.68,1.07,"Moderate","F1"
"8","8/19/2021","7.5","D",23.6,26.8,"",7.65,964.6,1.67,1.07,"Moderate","F1"
"9","8/19/2021","7.5","extra",23.6,27,"",7.544,1248.9,1.34,0.86,"Moderate","F1"
"10","8/19/2021","8","extra",23.5,26.8,"",7.671,910.9,1.73,1.11,"Low","F1"
"11","8/25/2021","7.5","A",23.6,25.86,"8.62",7.784,698.5,2.18,1.39,"Moderate","F1"
"12","8/25/2021","7.5","B",23.5,25.81,"8.67",7.779,707.2,2.16,1.38,"Moderate","F1"
"13","8/25/2021","7.5","C",23.5,25.95,"8.64",7.775,710.7,2.17,1.39,"Moderate","F1"
"14","8/25/2021","7.5","D",23.4,26.04,"8.59",7.803,665.7,2.27,1.45,"Moderate","F1"
"15","8/25/2021","8","A",23.5,26.62,"8.7",7.571,1195.8,1.4,0.89,"Low","F1"
"16","8/25/2021","8","B",23.5,26.02,"8.74",7.568,1203,1.39,0.89,"Low","F1"
"17","8/25/2021","8","C",23.5,25.99,"8.74",7.57,1198.8,1.39,0.89,"Low","F1"
"18","8/25/2021","8","D",23.5,25.94,"8.76",7.568,1205.2,1.39,0.89,"Low","F1"
"19","9/1/2021","8","C",23.4,27.23,"8.99",7.753,744,2.07,1.33,"Low","F1"
"20","9/1/2021","8","A",23.4,27.19,"8.99",7.75,754.6,2.08,1.33,"Low","F1"
"21","9/1/2021","8","D",23.4,27.22,"8.9",7.742,768.6,2.04,1.31,"Low","F1"
"22","9/1/2021","8","B",23.4,27.28,"8.91",7.735,783.2,2.01,1.29,"Low","F1"
"23","9/1/2021","7.5","B",23.4,27.24,"8.93",7.531,1300.7,1.31,0.84,"Moderate","F1"
"24","9/1/2021","7.5","A",23.2,27.19,"8.75",7.537,1281.7,1.31,0.84,"Moderate","F1"
"25","9/1/2021","7.5","C",23.3,27.28,"8.73",7.536,1284.8,1.32,0.85,"Moderate","F1"
"26","9/1/2021","7.5","D",23.3,27.14,"8.83",7.55,1244.2,1.36,0.87,"Moderate","F1"
"27","9/7/2021","8","C",22.7,26,"9.13",7.768,679.2,1.92,1.22,"Low","F1"
"28","9/7/2021","8","A",22.6,26.02,"9.17",7.781,660.5,1.98,1.26,"Low","F1"
"29","9/7/2021","8","D",22.7,25.94,"9.16",7.77,676,1.93,1.23,"Low","F1"
"30","9/7/2021","8","B",22.7,25.95,"9.02",7.773,671.8,1.94,1.24,"Low","F1"
"31","9/7/2021","7.5","B",22.6,25.87,"9.11",7.601,1031.9,1.34,0.85,"Moderate","F1"
"32","9/7/2021","7.5","A",22.7,26.04,"9.12",7.607,1015.9,1.37,0.87,"Moderate","F1"
"33","9/7/2021","7.5","C",22.7,25.43,"9.08",7.607,1020.7,1.35,0.86,"Moderate","F1"
"34","9/7/2021","7.5","D",22.7,25.87,"9.11",7.614,998.4,1.39,0.88,"Moderate","F1"
"35","9/9/2021","7.5","B",23.2,25.94,"",7.643,973.1,1.57,1,"Moderate","F1"
"36","9/9/2021","7.5","A",23.2,25.93,"",7.63,1003.4,1.52,0.97,"Moderate","F1"
"37","9/9/2021","7.5","C",23.2,25.8,"",7.637,987.7,1.54,0.98,"Moderate","F1"
"38","9/9/2021","7.5","D",23.3,25.92,"",7.63,1000.9,1.53,0.97,"Moderate","F1"
"39","9/9/2021","8","C",22.9,25.77,"",7.863,560.3,2.46,1.57,"Low","F1"
"40","9/9/2021","8","B",23.2,25.86,"",7.805,645.7,2.19,1.4,"Low","F1"
"41","9/9/2021","8","A",23.2,25.93,"",7.806,642.9,2.2,1.4,"Low","F1"
"42","9/9/2021","8","D",23.3,25.92,"",7.789,672.6,2.13,1.36,"Low","F1"
"43","9/14/2021","7.5","A",22.3,26.73,"9.2",7.658,947.1,1.62,1.04,"Moderate","F1"
"44","9/14/2021","7.5","B",22.3,26.42,"9.2",7.66,947.9,1.62,1.04,"Moderate","F1"
"45","9/14/2021","7.5","C",22.3,26.73,"9.38",7.67,921.5,1.67,1.07,"Moderate","F1"
"46","9/14/2021","7.5","D",22.3,26.53,"9.26",7.658,950.3,1.62,1.04,"Moderate","F1"
"47","9/14/2021","8","A",22.2,26.77,"9.32",7.825,622.6,2.29,1.46,"Low","F1"
"48","9/14/2021","8","B",22.2,26.75,"9.38",7.785,689.3,2.12,1.35,"Low","F1"
"49","9/14/2021","8","C",22.2,26.72,"9.36",7.814,640.1,2.24,1.43,"Low","F1"
"50","9/14/2021","8","D",22.2,26.74,"9.22",7.814,639.2,2.24,1.43,"Low","F1"
"51","9/21/2021","7.5","A",22,26.61,"9.58",7.685,871.8,1.67,1.07,"Moderate","F1"
"52","9/21/2021","7.5","B",22,26.61,"9.36",7.692,857.4,1.7,1.08,"Moderate","F1"
"53","9/21/2021","7.5","C",22,26.62,"9.65",7.692,859.1,1.7,1.09,"Moderate","F1"
"54","9/21/2021","7.5","D",22,26.65,"9.45",7.692,857.6,1.7,1.08,"Moderate","F1"
"55","9/21/2021","8","A",22,26.59,"9.43",7.831,603.7,2.26,1.44,"Low","F1"
"56","9/21/2021","8","B",22,26.45,"9.42",7.814,630.2,2.18,1.39,"Low","F1"
"57","9/21/2021","8","C",22.1,26.52,"9.44",7.816,626.7,2.2,1.4,"Low","F1"
"58","9/21/2021","8","D",22,26.03,"9.52",7.826,612.7,2.21,1.41,"Low","F1"
"59","9/24/2021","7.5","A",22.7,26.24,"9.31",7.769,695.8,1.99,1.27,"Moderate","F1"
"60","9/24/2021","8","A",22.7,26.34,"9.16",7.796,651.2,2.11,1.35,"Low","F1"
"61","9/28/2021","7.5","A",21.4,26.41,"9.24",7.718,795.4,1.73,1.1,"Moderate","F1"
"62","9/28/2021","7.5","B",21.3,26.4,"9.16",7.722,789.8,1.74,1.11,"Moderate","F1"
"63","9/28/2021","7.5","C",21.3,26.48,"9.15",7.728,778.9,1.77,1.13,"Moderate","F1"
"64","9/28/2021","7.5","D",21.4,26.42,"9.26",7.721,792.1,1.75,1.11,"Moderate","F1"
"65","9/28/2021","8","A",21.3,26.46,"9.19",7.838,587,2.21,1.4,"Low","F1"
"66","9/28/2021","8","B",21.3,26.48,"9.4",7.857,561.1,2.3,1.47,"Low","F1"
"67","9/28/2021","8","C",21.3,26.47,"9.29",7.86,555.6,2.32,1.48,"Low","F1"
"68","9/28/2021","8","D",21.3,26.47,"9.37",7.873,539.4,2.39,1.52,"Low","F1"
"69","10/6/2021","7.5","A",21.5,24.58,"9.52",7.594,1054.3,1.23,0.78,"Moderate","F1"
"70","10/6/2021","7.5","B",21.5,24.49,"9.54",7.601,1038.5,1.25,0.79,"Moderate","F1"
"71","10/6/2021","7.5","C",21.4,24.63,"9.52",7.621,985.6,1.3,0.82,"Moderate","F1"
"72","10/6/2021","8","A",21.4,24.53,"9.67",7.776,667.4,1.8,1.13,"Low","F1"
"73","10/6/2021","8","B",21.4,24.57,"9.44",7.781,660.7,1.82,1.15,"Low","F1"
"74","10/6/2021","8","C",21.4,24.48,"9.58",7.786,654.2,1.84,1.16,"Low","F1"
"75","10/6/2021","8","D",21.4,24.59,"9.55",7.787,652.3,1.84,1.16,"Low","F1"
"76","10/12/2021","7.5","A",20.9,26.56,"9.4",7.716,808.8,1.72,1.09,"Moderate","F1"
"77","10/12/2021","7.5","B",20.9,26.53,"9.47",7.703,834.2,1.67,1.06,"Moderate","F1"
"78","10/12/2021","7.5","C",20.9,26.55,"9.44",7.711,816.2,1.7,1.08,"Moderate","F1"
"79","10/12/2021","7.5","D",21,26.41,"9.22",7.703,833.8,1.67,1.06,"Moderate","F1"
"80","10/12/2021","8","A",21,26.53,"9.53",7.85,575.2,2.27,1.44,"Low","F1"
"81","10/12/2021","8","B",21,26.56,"9.44",7.866,550.3,2.34,1.49,"Low","F1"
"82","10/12/2021","8","C",21,26.41,"9.42",7.84,589.2,2.21,1.41,"Low","F1"
"83","10/12/2021","8","D",21,26.54,"9.53",7.865,552.7,2.34,1.49,"Low","F1"
"84","10/19/2021","7.5","A",19.6,26.23,"9.61",7.715,805.2,1.61,1.02,"Moderate","F1"
"85","10/19/2021","7.5","B",19.7,26.24,"9.7",7.723,789.3,1.65,1.04,"Moderate","F1"
"86","10/19/2021","7.5","C",19.7,26.24,"9.69",7.711,813.7,1.61,1.02,"Moderate","F1"
"87","10/19/2021","7.5","D",19.7,26.21,"9.6",7.718,799.7,1.63,1.03,"Moderate","F1"
"88","10/19/2021","8","A",19.8,26.19,"9.72",7.854,567.4,2.17,1.37,"Low","F1"
"89","10/19/2021","8","B",19.8,26.24,"9.64",7.868,545.8,2.23,1.41,"Low","F1"
"90","10/19/2021","8","C",19.8,26.22,"9.65",7.862,555.6,2.21,1.4,"Low","F1"
"91","10/19/2021","8","D",19.8,26.23,"9.64",7.862,555.3,2.2,1.4,"Low","F1"
"92","10/27/2021","7.5","A",19.6,25.33,"9.34",7.746,731,1.65,1.04,"Moderate","F1"
"93","10/27/2021","7.5","B",19.6,25.32,"9.3",7.751,721,1.66,1.05,"Moderate","F1"
"94","10/27/2021","7.5","C",19.5,25.45,"9.3",7.75,720.4,1.66,1.04,"Moderate","F1"
"95","10/27/2021","7.5","D",19.6,25.45,"9.32",7.747,726.3,1.65,1.04,"Moderate","F1"
"96","10/27/2021","8","A",19.5,25.31,"9.26",7.884,512.4,2.18,1.37,"Low","F1"
"97","10/27/2021","8","B",19.5,25.38,"9.29",7.888,507.1,2.19,1.38,"Low","F1"
"98","10/27/2021","8","C",19.6,25.45,"9.31",7.894,500.9,2.24,1.41,"Low","F1"
"99","10/27/2021","8","D",19.5,25.45,"9.33",7.906,485.8,2.28,1.44,"Low","F1"
"100","11/2/2021","7.5","A",19.7,26.94,"9.42",7.764,723.3,1.86,1.18,"Moderate","F1"
"101","11/2/2021","7.5","B",19.7,26.93,"9.48",7.765,722.9,1.87,1.19,"Moderate","F1"
"102","11/2/2021","7.5","C",19.7,26.93,"9.52",7.769,715.4,1.88,1.19,"Moderate","F1"
"103","11/2/2021","7.5","D",19.8,26.93,"9.36",7.763,724.9,1.86,1.18,"Moderate","F1"
"104","11/2/2021","8","A",19.7,26.94,"9.47",7.904,505.9,2.49,1.58,"Low","F1"
"105","11/2/2021","8","B",19.7,26.96,"9.5",7.899,510.6,2.45,1.56,"Low","F1"
"106","11/2/2021","8","C",19.7,26.95,"9.57",7.898,513.7,2.45,1.56,"Low","F1"
"107","11/2/2021","8","D",19.7,26.96,"9.58",7.9,510,2.46,1.56,"Low","F1"
"108","11/2/2021","Tank Farm","",16.2,27.14,"8.06",7.792,668.1,1.75,1.1,NA,"F1"
"109","11/8/2021","7.5","A",17.8,26.26,"9.94",7.745,756.4,1.64,1.03,"Moderate","F1"
"110","11/8/2021","7.5","B",17.8,26.33,"9.95",7.772,707.5,1.74,1.1,"Moderate","F1"
"111","11/8/2021","7.5","C",17.8,26.29,"9.91",7.766,717.9,1.72,1.08,"Moderate","F1"
"112","11/8/2021","7.5","D",17.8,26.33,"9.92",7.764,719.2,1.71,1.08,"Moderate","F1"
"113","11/8/2021","8","A",17.6,26.35,"10.14",7.894,517.5,2.22,1.4,"Low","F1"
"114","11/8/2021","8","B",17.7,26.33,"10.17",7.885,530.6,2.19,1.38,"Low","F1"
"115","11/8/2021","8","C",17.7,26.38,"10.05",7.882,533,2.17,1.37,"Low","F1"
"116","11/8/2021","8","D",17.8,26.34,"10.14",7.872,548.1,2.14,1.35,"Low","F1"
"117","11/8/2021","Tank Farm","",17.5,26.44,"8.78",7.873,543,1.91,1.2,NA,"F1"
"118","11/10/2021","7.5","A",18.7,26.63,"9.54",7.768,718.9,1.81,1.14,"Moderate","F1"
"119","11/10/2021","7.5","B",18.6,26.6,"9.64",7.77,715.4,1.8,1.14,"Moderate","F1"
"120","11/10/2021","7.5","C",18.6,26.64,"9.63",7.767,719.4,1.8,1.14,"Moderate","F1"
"121","11/10/2021","7.5","D",18.6,26.62,"9.86",7.77,716,1.81,1.14,"Moderate","F1"
"122","11/10/2021","8","A",18.5,26.65,"9.96",7.915,492.8,2.43,1.53,"Low","F1"
"123","11/10/2021","8","B",18.6,26.6,"9.95",7.911,500.3,2.42,1.53,"Low","F1"
"124","11/10/2021","8","C",18.6,26.54,"9.91",7.903,508.8,2.37,1.5,"Low","F1"
"125","11/10/2021","8","D",18.5,26.64,"9.92",7.911,498.1,2.41,1.52,"Low","F1"
"126","11/16/2021","7.5","A",17.1,26.11,"9.52",7.763,726.2,1.66,1.04,"Moderate","F1"
"127","11/16/2021","7.5","B",17.1,26.09,"9.55",7.762,729.6,1.66,1.05,"Moderate","F1"
"128","11/16/2021","7.5","C",17.1,26.11,"9.44",7.756,738.8,1.64,1.03,"Moderate","F1"
"129","11/16/2021","7.5","D",17.1,26.07,"9.49",7.762,727.9,1.66,1.05,"Moderate","F1"
"130","11/16/2021","8","A",17.1,26.16,"10.24",7.873,549.9,2.1,1.32,"Low","F1"
"131","11/16/2021","8","B",17.1,26.14,"10.33",7.89,527.1,2.18,1.37,"Low","F1"
"132","11/16/2021","8","C",17.1,26.11,"10.3",7.88,540.9,2.13,1.34,"Low","F1"
"133","11/16/2021","8","D",17,26.2,"10.29",7.877,543.9,2.11,1.33,"Low","F1"
"134","11/22/2021","7.5","A",16.8,26.11,"9.5",7.79,668.3,1.75,1.1,"Moderate","F1"
"135","11/22/2021","7.5","B",16.8,26.13,"9.51",7.79,669.3,1.75,1.1,"Moderate","F1"
"136","11/22/2021","7.5","C",16.8,26.11,"9.67",7.8,666.2,1.76,1.1,"Moderate","F1"
"137","11/22/2021","7.5","D",16.8,26.11,"9.59",7.8,665.2,1.76,1.11,"Moderate","F1"
"138","11/22/2021","8","A",16.9,26.03,"10.17",7.86,564,2.02,1.27,"Low","F1"
"139","11/22/2021","8","B",16.8,26.14,"10.18",7.86,561.5,2.02,1.27,"Low","F1"
"140","11/22/2021","8","C",16.8,26.14,"10.15",7.85,574.9,1.98,1.25,"Low","F1"
"141","11/22/2021","8","D",16.8,26.15,"10.11",7.85,576.4,1.98,1.24,"Low","F1"
"142","12/3/2021","7.5","A",14.8,25.68,"10.3",7.82,625.7,1.72,1.07,"Moderate","F1"
"143","12/3/2021","7.5","B",14.6,25.86,"10.04",7.82,628.7,1.7,1.06,"Moderate","F1"
"144","12/3/2021","7.5","C",14.5,25.78,"10.14",7.82,621.6,1.7,1.06,"Moderate","F1"
"145","12/3/2021","7.5","D",14.6,25.86,"10.14",7.82,619.9,1.72,1.07,"Moderate","F1"
"146","12/3/2021","8","A",14.5,25.84,"10.82",7.92,487.7,2.08,1.3,"Low","F1"
"147","12/3/2021","8","B",14.5,25.84,"10.9",7.92,488.2,2.08,1.3,"Low","F1"
"148","12/3/2021","8","C",14.6,25.76,"10.87",7.93,481,2.12,1.32,"Low","F1"
"149","12/3/2021","8","D",14.5,25.78,"10.88",7.94,463.8,2.16,1.35,"Low","F1"
"150","12/6/2021","7.5","A",14.5,26.34,"10.21",7.78,687.7,1.57,0.98,"Moderate","F1"
"151","12/6/2021","7.5","B",14.6,26.4,"10.11",7.78,685.7,1.58,0.98,"Moderate","F1"
"152","12/6/2021","7.5","C",14.5,26.29,"10.08",7.79,670.4,1.62,1.01,"Moderate","F1"
"153","12/6/2021","7.5","D",14.6,26.34,"10.7",7.78,685.8,1.58,0.98,"Moderate","F1"
"154","12/6/2021","8","A",14.7,26.27,"10.75",7.9,514.5,2.01,1.25,"Low","F1"
"155","12/6/2021","8","B",14.7,26.15,"10.77",7.89,526.8,1.96,1.22,"Low","F1"
"156","12/6/2021","8","C",14.7,26.15,"10.76",7.9,509.5,2.02,1.26,"Low","F1"
"157","12/6/2021","8","D",14.7,26.16,"10.5",7.91,504.9,2.06,1.29,"Low","F1"
"158","12/9/2021","7.5","A",13.4,26.62,"10.67",7.8,669.8,1.61,1,"Moderate","F1"
"159","12/9/2021","7.5","B",13.3,26.62,"10.57",7.83,627.1,1.71,1.07,"Moderate","F1"
"160","12/9/2021","7.5","C",13.3,26.63,"10.29",7.83,618.6,1.72,1.07,"Moderate","F1"
"161","12/9/2021","7.5","D",13.3,26.63,"10.45",7.82,632.1,1.68,1.05,"Moderate","F1"
"162","12/9/2021","8","A",13.3,26.63,"11.07",7.91,502.1,2.03,1.27,"Low","F1"
"163","12/9/2021","8","B",13.3,26.63,"11.06",7.92,491.2,2.05,1.28,"Low","F1"
"164","12/9/2021","8","C",13.3,26.63,"11.08",7.93,483.1,2.08,1.3,"Low","F1"
"165","12/9/2021","8","D",13.3,26.65,"11.26",7.94,463.7,2.17,1.36,"Low","F1"
"166","12/14/2021","7.5","A",13.3,26.5,"10.19",7.8,662.8,1.57,0.98,"Moderate","F1"
"167","12/14/2021","7.5","B",13.2,26.28,"10.24",7.8,650.8,1.59,0.99,"Moderate","F1"
"168","12/14/2021","7.5","C",13.2,26.56,"10.25",7.82,620.2,1.66,1.04,"Moderate","F1"
"169","12/14/2021","7.5","D",13.2,26.54,"10.22",7.83,619.3,1.68,1.05,"Moderate","F1"
"170","12/14/2021","8","A",13.2,26.57,"10.6",7.91,496.8,2,1.25,"Low","F1"
"171","12/14/2021","8","B",13.2,26.59,"10.92",7.92,489.3,2.03,1.27,"Low","F1"
"172","12/14/2021","8","C",13.2,26.53,"10.87",7.93,479,2.05,1.28,"Low","F1"
"173","12/14/2021","8","D",13.2,26.56,"11.02",7.91,493.6,2.02,1.26,"Low","F1"
"174","12/21/2021","7.5","A",13.2,26.49,"10.2",7.85,592.8,1.77,1.11,"Moderate","F1"
"175","12/21/2021","7.5","B",13.2,26.49,"10.08",7.86,579.3,1.8,1.13,"Moderate","F1"
"176","12/21/2021","7.5","C",13.2,26.41,"10.39",7.85,584.3,1.79,1.12,"Moderate","F1"
"177","12/21/2021","7.5","D",13.2,26.45,"10.43",7.86,576.7,1.79,1.12,"Moderate","F1"
"178","12/21/2021","8","A",13.2,26.39,"11.29",7.94,464.5,2.15,1.34,"Low","F1"
"179","12/21/2021","8","B",13.2,26.43,"11.1",7.94,460,2.14,1.34,"Low","F1"
"180","12/21/2021","8","C",13.2,26.46,"11.03",7.94,463.5,2.16,1.35,"Low","F1"
"181","12/21/2021","8","D",13.2,26.38,"11.11",7.95,451.9,2.17,1.36,"Low","F1"
"182","12/28/2021","7.5","A",12.6,26.84,"10.11",7.84,598.4,1.75,1.09,"Moderate","F1"
"183","12/28/2021","7.5","B",12.6,26.85,"10.18",7.86,578,1.81,1.13,"Moderate","F1"
"184","12/28/2021","7.5","C",12.6,26.85,"10.44",7.86,578.5,1.8,1.12,"Moderate","F1"
"185","12/28/2021","7.5","D",12.6,26.86,"10.3",7.86,573.5,1.81,1.13,"Moderate","F1"
"186","12/28/2021","8","A",12.6,26.83,"10.94",7.94,468.6,2.12,1.33,"Low","F1"
"187","12/28/2021","8","B",12.6,26.84,"10.96",7.94,467.3,2.13,1.33,"Low","F1"
"188","12/28/2021","8","C",12.6,26.85,"10.92",7.94,467,2.14,1.34,"Low","F1"
"189","12/28/2021","8","D",12.6,26.85,"10.93",7.94,468.3,2.13,1.33,"Low","F1"
"190","1/5/2022","7.5","A",12.6,26.3,"10.21",7.83,620.1,1.65,1.03,"Moderate","F1"
"191","1/5/2022","7.5","B",12.6,26.21,"10.23",7.84,598.3,1.7,1.06,"Moderate","F1"
"192","1/5/2022","7.5","C",12.7,26.25,"10.35",7.84,594.8,1.69,1.05,"Moderate","F1"
"193","1/5/2022","7.5","D",12.7,26.29,"10.26",7.83,615.3,1.66,1.03,"Moderate","F1"
"194","1/5/2022","8","A",12.6,26.25,"11.09",7.92,495.6,1.98,1.23,"Low","F1"
"195","1/5/2022","8","B",12.6,26.27,"10.98",7.92,492.9,1.98,1.24,"Low","F1"
"196","1/5/2022","8","C",12.6,26.24,"11.11",7.92,492.4,2,1.24,"Low","F1"
"197","1/5/2022","8","D",12.6,26.27,"10.89",7.9,511.6,1.94,1.21,"Low","F1"
"198","1/11/2022","7.5","A",12.7,26.68,"11.05",7.86,576.5,1.81,1.13,"Moderate","F1"
"199","1/11/2022","7.5","B",12.7,26.5,"10.9",7.87,559,1.85,1.15,"Moderate","F1"
"200","1/11/2022","7.5","C",12.7,26.68,"10.88",7.86,571.6,1.82,1.13,"Moderate","F1"
"201","1/11/2022","7.5","D",12.7,26.58,"10.95",7.85,586.1,1.77,1.11,"Moderate","F1"
"202","1/11/2022","8","A",12.7,26.57,"11.05",7.98,420.2,2.31,1.44,"Low","F1"
"203","1/11/2022","8","B",12.6,26.44,"11.02",8.01,393.9,2.41,1.51,"Low","F1"
"204","1/11/2022","8","C",12.8,26.66,"11.03",7.99,412.7,2.39,1.49,"Low","F1"
"205","1/11/2022","8","D",12.7,26.67,"11.04",8,405.6,2.4,1.5,"Low","F1"
"206","1/19/2022","7.5","A",12,26.19,"11.23",7.82,631.4,1.56,0.97,"Moderate","F1"
"207","1/19/2022","7.5","B",12,26.2,"10.91",7.82,620.6,1.59,0.99,"Moderate","F1"
"208","1/19/2022","7.5","C",12,26.1,"11.38",7.82,628.5,1.58,0.98,"Moderate","F1"
"209","1/19/2022","7.5","D",12,26.18,"11.41",7.82,633.2,1.56,0.97,"Moderate","F1"
"210","1/19/2022","8","A",12,26.17,"10.6",7.82,629.6,1.57,0.98,"Low","F1"
"211","1/19/2022","8","B",12,26.16,"10.56",7.81,637.2,1.56,0.97,"Low","F1"
"212","1/19/2022","8","C",12,26.31,"10.48",7.81,636,1.56,0.97,"Low","F1"
"213","1/19/2022","8","D",12,26.33,"10.46",7.82,625.4,1.58,0.98,"Low","F1"
"214","1/20/2022","8","A",13.2,26.03,"11.07",7.94,466.7,2.13,1.33,"Low","F1"
"215","1/20/2022","8","B",13.3,26.06,"10.94",7.9,509.4,1.96,1.22,"Low","F1"
"216","1/20/2022","8","C",13.2,26.06,"11.1",7.83,600.6,1.67,1.04,"Low","F1"
"217","1/20/2022","8","D",13.2,26.06,"11.03",7.93,478.7,2.06,1.28,"Low","F1"
"218","1/25/2022","7.5","B",13.3,26.53,"10.52",7.87,556.8,1.9,1.19,"Moderate","F1"
"219","1/25/2022","7.5","D",13.3,26.5,"10.29",7.86,571,1.85,1.16,"Moderate","F1"
"220","1/25/2022","7.5","E",13.3,26.54,"10.72",7.87,564,1.87,1.17,"Moderate","F1"
"221","1/25/2022","7.5","G",13.3,26.46,"10.76",7.87,566.3,1.87,1.17,"Moderate","F1"
"222","1/25/2022","8","B",13.2,26.52,"10.72",7.98,424.8,2.35,1.47,"Low","F1"
"223","1/25/2022","8","D",13.3,26.51,"10.74",7.98,421.4,2.35,1.47,"Low","F1"
"224","1/25/2022","8","E",13.4,26.51,"11.03",7.97,431.4,2.33,1.46,"Low","F1"
"225","1/25/2022","8","G",13.4,26.55,"10.92",7.97,432.3,2.34,1.46,"Low","F1"
"226","1/27/2022","7.5","A",13.3,26.93,"10.94",7.87,566.7,1.89,1.19,"Moderate","F1"
"227","1/27/2022","7.5","B",13.3,26.89,"10.56",7.87,561.8,1.9,1.19,"Moderate","F1"
"228","1/27/2022","7.5","C",13.3,26.9,"10.76",7.86,575.2,1.88,1.17,"Moderate","F1"
"229","1/27/2022","7.5","D",13.3,26.89,"10.75",7.85,584.8,1.84,1.15,"Moderate","F1"
"230","1/27/2022","7.5","E",13.3,26.87,"10.67",7.97,435.6,2.34,1.46,"Moderate","F1"
"231","1/27/2022","7.5","F",13.3,26.89,"10.69",7.98,428.5,2.36,1.47,"Moderate","F1"
"232","1/27/2022","7.5","G",13.2,26.94,"10.64",7.96,449.5,2.28,1.42,"Moderate","F1"
"233","1/27/2022","7.5","H",13.2,26.88,"10.66",7.96,444.6,2.29,1.43,"Moderate","F1"
"234","2/1/2022","7.5","A",13.7,25.93,"10.45",7.85,586,1.81,1.13,"Moderate","F1"
"235","2/1/2022","7.5","B",13.7,26.17,"10.3",7.86,570.9,1.87,1.16,"Moderate","F1"
"236","2/1/2022","7.5","D",13.7,26.23,"10.37",7.81,658.8,1.66,1.04,"Moderate","F1"
"237","2/1/2022","7.5","E",13.9,26.22,"10.66",7.97,433.4,2.28,1.42,"Moderate","F1"
"238","2/1/2022","7.5","F",13.9,26.19,"10.91",7.97,433.6,2.3,1.44,"Moderate","F1"
"239","2/1/2022","7.5","G",14,26.18,"10.58",7.99,413.6,2.4,1.5,"Moderate","F1"
"240","2/1/2022","7.5","H",14,26.24,"10.95",7.99,415.9,2.4,1.5,"Moderate","F1"
"241","2/8/2022","7.5","C",14.8,26.48,"9.78",7.74,792.6,1.5,0.94,"Moderate","F1"
"242","2/8/2022","7.5","D",14.7,26.52,"10.29",7.88,547.9,2.02,1.27,"Moderate","F1"
"243","2/8/2022","7.5","E",14.7,26.51,"10.3",7.85,587.3,1.91,1.2,"Moderate","F1"
"244","2/8/2022","7.5","F",14.7,26.51,"10.23",7.91,510,2.14,1.34,"Moderate","F1"
"245","2/8/2022","7.5","G",14.7,26.48,"10.36",7.9,521.6,2.1,1.32,"Moderate","F1"
"246","2/8/2022","7.5","H",14.7,26.52,"10.3",8.01,385.1,2.61,1.64,"Moderate","F1"
"247","2/8/2022","8","A",14.7,26.43,"10.38",8.01,389.5,2.63,1.65,"Low","F1"
"248","2/8/2022","8","B",14.7,26.49,"10.22",7.98,419.8,2.49,1.56,"Low","F1"
"249","2/8/2022","8","C",14.7,26.52,"10.75",7.98,419.2,2.49,1.56,"Low","F1"
"250","2/9/2022","7.5","A",14.8,26.61,"10.46",7.88,547.9,2.02,1.27,"Moderate","F1"
"251","2/9/2022","7.5","C",14.8,26.58,"10.16",7.85,587.3,1.91,1.2,"Moderate","F1"
"252","2/9/2022","7.5","E",14.7,26.59,"10.44",7.91,510,2.14,1.34,"Moderate","F1"
"253","2/9/2022","7.5","F",14.7,26.58,"10.55",7.9,521.6,2.1,1.32,"Moderate","F1"
"254","2/9/2022","8","A",14.8,26.57,"10.35",8.01,385.1,2.61,1.64,"Low","F1"
"255","2/9/2022","8","B",14.7,26.58,"10.18",8.01,389.5,2.63,1.65,"Low","F1"
"256","2/9/2022","8","E",14.7,26.6,"10.4",7.98,419.8,2.49,1.56,"Low","F1"
"257","2/9/2022","8","F",14.7,26.59,"10.2",7.98,419.2,2.49,1.56,"Low","F1"
"258","2/10/2022","7.5","B",14.9,26.64,"10.14",7.91,502.5,2.16,1.35,"Moderate","F1"
"259","2/10/2022","7.5","D",14.9,26.65,"10.08",7.85,593.3,1.88,1.18,"Moderate","F1"
"260","2/10/2022","7.5","G",14.8,26.65,"10.04",7.95,456.2,2.32,1.45,"Moderate","F1"
"261","2/10/2022","7.5","H",14.7,26.79,"9.75",7.94,464.4,2.28,1.43,"Moderate","F1"
"262","2/10/2022","8","C",14.8,26.66,"10.41",8.03,366.2,2.75,1.73,"Low","F1"
"263","2/10/2022","8","D",14.8,26.69,"10.42",8.04,360,2.79,1.75,"Low","F1"
"264","2/10/2022","8","G",14.8,26.7,"10.11",8.03,367.3,2.75,1.72,"Low","F1"
"265","2/10/2022","8","H",14.7,26.7,"10.59",8.03,370,2.72,1.71,"Low","F1"
"266","2/17/2022","7.5","A",15.1,26.34,"9.94",7.98,421.1,2.47,1.55,"Moderate","F1"
"267","2/17/2022","7.5","B",15.1,26.3,"10.12",7.99,411.4,2.53,1.58,"Moderate","F1"
"268","2/17/2022","7.5","E",15.1,26.4,"10.13",7.99,412.6,2.51,1.57,"Moderate","F1"
"269","2/17/2022","7.5","G",15.1,26.32,"10.27",7.86,563.7,1.89,1.18,"Moderate","F1"
"270","2/17/2022","8","C",15,26.34,"10.07",8.06,342.6,2.88,1.8,"Low","F1"
"271","2/17/2022","8","D",15,26.26,"9.9",8.05,349.6,2.86,1.79,"Low","F1"
"272","2/17/2022","8","E",15,26.29,"9.94",8.06,346.5,2.86,1.79,"Low","F1"
"273","2/17/2022","8","F",15,26.31,"10.2",8.05,354.2,2.8,1.75,"Low","F1"
"274","2/18/2022","7.5","C",14.8,26.28,"9.56",7.95,452.9,2.3,1.44,"Moderate","F1"
"275","2/18/2022","7.5","D",14.8,26.26,"9.58",7.95,449.2,2.3,1.44,"Moderate","F1"
"276","2/18/2022","7.5","F",14.7,26.24,"9.95",7.97,434,2.37,1.49,"Moderate","F1"
"277","2/18/2022","7.5","G",14.7,26.23,"9.97",7.97,427.3,2.4,1.5,"Moderate","F1"
"278","2/18/2022","7.5","H",14.7,26.22,"10.05",7.99,410.7,2.47,1.55,"Moderate","F1"
"279","2/18/2022","8","A",14.7,26.4,"9.72",8.04,360,2.73,1.71,"Low","F1"
"280","2/18/2022","8","B",14.7,26.26,"9.81",8.05,348.2,2.79,1.74,"Low","F1"
"281","2/18/2022","8","G",14.7,26.21,"10.24",8.06,344.8,2.82,1.76,"Low","F1"
"282","2/18/2022","8","H",14.7,26.24,"10.22",8.06,342.7,2.82,1.76,"Low","F1"
"283","2/23/2022","7.5","C",15.8,26.12,"9.75",7.9,514.1,2.15,1.35,"Moderate","F1"
"284","2/23/2022","7.5","D",15.8,26.13,"9.63",7.92,489.5,2.23,1.4,"Moderate","F1"
"285","2/23/2022","7.5","G",15.7,26.1,"9.46",7.93,481,2.28,1.43,"Moderate","F1"
"286","2/23/2022","7.5","H",15.7,26.12,"9.35",7.93,485.4,2.25,1.41,"Moderate","F1"
"287","2/23/2022","8","A",15.7,26.12,"9.69",8.01,394.1,2.64,1.65,"Low","F1"
"288","2/23/2022","8","D",15.7,26.15,"9.61",8,397.5,2.61,1.63,"Low","F1"
"289","2/23/2022","8","F",15.6,26.12,"9.63",8.02,377.2,2.74,1.71,"Low","F1"
"290","2/23/2022","8","G",15.6,26.09,"9.59",8.02,382.6,2.7,1.69,"Low","F1"
"291","2/24/2022","7.5","A",15.3,25.93,"9.91",7.92,489.5,2.17,1.36,"Moderate","F1"
"292","2/24/2022","7.5","B",15.4,25.91,"10",7.92,493.3,2.15,1.34,"Moderate","F1"
"293","2/24/2022","7.5","E",15.2,25.96,"9.74",7.91,499.5,2.13,1.33,"Moderate","F1"
"294","2/24/2022","7.5","F",15.3,25.87,"9.89",7.92,491.1,2.17,1.36,"Moderate","F1"
"295","2/24/2022","8","B",15.3,25.94,"10",8.01,386.3,2.6,1.63,"Low","F1"
"296","2/24/2022","8","C",15.3,25.89,"9.99",8.01,394.9,2.58,1.62,"Low","F1"
"297","2/24/2022","8","D",15.3,25.9,"9.9",8.02,381.2,2.62,1.64,"Low","F1"
"298","2/24/2022","8","E",15.4,25.9,"9.94",8.01,388.5,2.6,1.62,"Low","F1"
"299","2/24/2022","8","H",15.3,25.9,"10.02",8.02,373.9,2.65,1.65,"Low","F1"
"300","3/3/2022","7.5","A",15.5,25.88,"9.72",7.97,437.4,2.4,1.5,"Moderate","F1"
"301","3/3/2022","7.5","B",15.5,25.92,"9.76",7.97,439,2.41,1.51,"Moderate","F1"
"302","3/3/2022","7.5","C",15.5,25.9,"9.72",7.98,427.7,2.47,1.55,"Moderate","F1"
"303","3/3/2022","7.5","D",15.5,25.96,"7.92",7.97,439.1,2.41,1.51,"Moderate","F1"
"304","3/3/2022","7.5","E",15.6,25.94,"10.28",7.96,442.7,2.39,1.5,"Moderate","F1"
"305","3/3/2022","7.5","F",15.6,25.87,"10.3",7.99,412.7,2.55,1.59,"Moderate","F1"
"306","3/3/2022","7.5","G",15.7,25.92,"10.36",7.96,446.7,2.39,1.5,"Moderate","F1"
"307","3/3/2022","7.5","H",15.06,25.95,"10.17",7.97,432.9,2.39,1.5,"Moderate","F1"
"308","3/3/2022","8","A",15.5,25.84,"9.92",8.05,356.2,2.81,1.76,"Low","F1"
"309","3/3/2022","8","B",15.5,25.81,"9.65",8.07,337.8,2.93,1.83,"Low","F1"
"310","3/3/2022","8","C",15.5,25.86,"9.63",8.04,357.4,2.8,1.75,"Low","F1"
"311","3/3/2022","8","D",15.6,25.85,"9.76",8.05,352.7,2.86,1.79,"Low","F1"
"312","3/3/2022","8","E",15.6,25.9,"9.89",8.03,370.6,2.73,1.71,"Low","F1"
"313","3/3/2022","8","F",15.4,25.92,"9.76",8.05,348.6,2.86,1.79,"Low","F1"
"314","3/3/2022","8","G",15.6,25.93,"9.76",8.05,356.1,2.85,1.78,"Low","F1"
"315","3/3/2022","8","H",15.6,25.94,"10.1",8.05,348.6,2.88,1.8,"Low","F1"
"316","3/8/2022","7.5","A",16.2,26.1,"9.48",7.94,477.9,2.43,1.52,"Moderate","F1"
"317","3/8/2022","7.5","B",16.2,26.53,"9.49",7.94,473.9,2.46,1.55,"Moderate","F1"
"318","3/8/2022","7.5","E",16.2,26.49,"10.1",7.96,458.3,2.5,1.57,"Moderate","F1"
"319","3/8/2022","7.5","F",16.2,26.53,"9.9",7.95,466.1,2.5,1.57,"Moderate","F1"
"320","3/8/2022","8","C",16.2,26.54,"9.53",8.04,367.6,2.95,1.86,"Low","F1"
"321","3/8/2022","8","D",16.2,26.46,"9.51",8.04,367.9,2.96,1.86,"Low","F1"
"322","3/8/2022","8","G",16.2,26.48,"10.05",7.96,452.4,2.48,1.56,"Low","F1"
"323","3/8/2022","8","H",16.2,26.5,"10.1",8.02,385.3,2.87,1.8,"Low","F1"
"324","3/10/2022","7.5","C",16.1,26.86,"9.4",7.91,519.9,2.3,1.45,"Moderate","F1"
"325","3/10/2022","7.5","D",16.1,26.86,"10",7.89,546.2,2.22,1.39,"Moderate","F1"
"326","3/10/2022","7.5","G",16,26.89,"10",7.93,493.8,2.42,1.52,"Moderate","F1"
"327","3/10/2022","7.5","H",16,26.9,"9.86",7.92,510.6,2.35,1.48,"Moderate","F1"
"328","3/10/2022","8","A",16.1,26.86,"9.48",8.02,396,2.97,1.87,"Low","F1"
"329","3/10/2022","8","B",16.1,26.89,"9.54",8.02,389.6,2.87,1.8,"Low","F1"
"330","3/10/2022","8","E",16,26.85,"10.07",8.01,402.7,2.82,1.77,"Low","F1"
"331","3/10/2022","8","F",16,26.86,"10.17",8,413.1,2.73,1.72,"Low","F1"
"332","3/15/2022","7.5","B",16,26.12,"10.04",7.89,545.1,2.12,1.33,"Moderate","F1"
"333","3/15/2022","7.5","C",16,26.16,"9.93",7.89,543.4,2.15,1.35,"Moderate","F1"
"334","3/15/2022","7.5","F",16.1,26.18,"9.57",7.89,539.4,2.18,1.37,"Moderate","F1"
"335","3/15/2022","7.5","H",16.1,26.19,"9.48",7.89,545.7,2.14,1.35,"Moderate","F1"
"336","3/15/2022","8","C",16,26.24,"10.39",7.99,419.8,2.63,1.65,"Low","F1"
"337","3/15/2022","8","D",16,26.24,"10.3",7.98,429.3,2.59,1.62,"Low","F1"
"338","3/15/2022","8","E",16.2,26.18,"9.63",7.99,412.1,2.6,1.63,"Low","F1"
"339","3/15/2022","8","G",16.2,26.17,"9.66",8.03,376.8,2.87,1.8,"Low","F1"
"340","3/18/2022","7.5","A",16.2,26.06,"10",7.89,538.9,2.14,1.34,"Moderate","F1"
"341","3/18/2022","7.5","D",16.3,25.91,"9.55",7.84,603.6,1.95,1.22,"Moderate","F1"
"342","3/18/2022","7.5","E",16.2,26.1,"9.32",7.87,571.4,2.05,1.28,"Moderate","F1"
"343","3/18/2022","7.5","G",16.2,26.08,"9.35",7.89,541.4,2.14,1.34,"Moderate","F1"
"344","3/18/2022","7.5","H",16.2,26.11,"9.37",7.9,517.5,2.15,1.35,"Moderate","F1"
"345","3/18/2022","8","A",16.2,26.07,"9.91",8,410.1,2.66,1.67,"Low","F1"
"346","3/18/2022","8","F",16.3,26.1,"9.36",8,396.9,2.69,1.69,"Low","F1"
"347","3/18/2022","8","H",16.3,25.98,"9.45",7.98,422.6,2.59,1.62,"Low","F1"
"348","3/22/2022","7.5","A",15.8,26.7,"9.97",7.9,528.5,2.24,1.41,"Moderate","F1"
"349","3/22/2022","7.5","B",15.8,26.64,"9.96",7.88,556.1,2.13,1.34,"Moderate","F1"
"350","3/22/2022","7.5","C",15.8,26.72,"10.18",7.89,547.3,2.16,1.36,"Moderate","F1"
"351","3/22/2022","7.5","D",15.8,26.75,"9.89",7.89,543.2,2.19,1.37,"Moderate","F1"
"352","3/22/2022","7.5","E",15.9,26.66,"9.69",7.87,569.1,2.1,1.32,"Moderate","F1"
"353","3/22/2022","7.5","F",15.9,26.68,"9.87",7.88,558.6,2.12,1.33,"Moderate","F1"
"354","3/22/2022","7.5","G",15.8,26.65,"9.75",7.87,570.7,2.1,1.32,"Moderate","F1"
"355","3/22/2022","7.5","H",15.8,26.68,"9.75",7.87,567.9,2.08,1.31,"Moderate","F1"
"356","3/22/2022","8","A",15.8,26.52,"10.16",8,414.2,2.68,1.68,"Low","F1"
"357","3/22/2022","8","B",15.8,26.7,"10.14",7.98,425.2,2.62,1.65,"Low","F1"
"358","3/22/2022","8","C",15.8,26.7,"10.08",7.96,455.6,2.48,1.56,"Low","F1"
"359","3/22/2022","8","D",15.8,26.69,"10.09",7.99,422.5,2.63,1.66,"Low","F1"
"360","3/22/2022","8","E",16.3,26.57,"9.54",7.98,425,2.67,1.68,"Low","F1"
"361","3/22/2022","8","F",15.9,26.79,"9.74",7.98,427.9,2.63,1.65,"Low","F1"
"362","3/22/2022","8","G",15.8,26.76,"9.64",7.96,453.2,2.51,1.58,"Low","F1"
"363","3/22/2022","8","H",15.8,26.73,"9.65",7.99,418.5,2.66,1.67,"Low","F1"
"364","3/24/2022","7.5","A",15.9,26.81,"9.91",7.85,605.2,2.02,1.27,"Moderate","F1"
"365","3/24/2022","7.5","B",15.9,26.86,"9.67",7.85,607.8,2.01,1.27,"Moderate","F1"
"366","3/24/2022","7.5","C",15.9,26.75,"9.96",7.83,639.2,1.92,1.21,"Moderate","F1"
"367","3/24/2022","7.5","D",15.9,26.84,"10.05",7.84,612.5,2.01,1.27,"Moderate","F1"
"368","3/24/2022","7.5","E",15.9,26.77,"9.59",7.86,589.1,2.08,1.31,"Moderate","F1"
"369","3/24/2022","7.5","F",16,26.88,"9.62",7.87,581.8,2.1,1.32,"Moderate","F1"
"370","3/24/2022","7.5","G",16,26.76,"9.45",7.84,618.8,1.97,1.24,"Moderate","F1"
"371","3/24/2022","7.5","H",16,26.87,"9.41",7.82,635.6,1.88,1.18,"Moderate","F1"
"372","3/29/2022","7.5","A",15.7,25.69,"9.73",7.8,671,1.72,1.07,"Moderate","F1"
"373","3/29/2022","7.5","C",15.8,26.1,"9.69",7.78,697.8,1.66,1.04,"Moderate","F1"
"374","3/29/2022","7.5","F",15.9,26.13,"9.76",7.81,657.4,1.78,1.11,"Moderate","F1"
"375","3/29/2022","7.5","H",15.8,26.14,"10.2",7.81,656.8,1.77,1.11,"Moderate","F1"
"376","3/29/2022","8","C",15.8,25.96,"9.71",7.93,481.4,2.25,1.41,"Low","F1"
"377","3/29/2022","8","D",15.8,26.07,"9.7",7.97,433.8,2.42,1.52,"Low","F1"
"378","3/29/2022","8","E",15.9,26.02,"10.18",7.94,464.6,2.34,1.47,"Low","F1"
"379","3/29/2022","8","G",15.8,26.12,"10.25",7.92,488.3,2.23,1.4,"Low","F1"
"380","3/30/2022","7.5","A",16.2,26.24,"9.55",7.81,653.6,1.82,1.14,"Moderate","F1"
"381","3/30/2022","7.5","D",16.2,26.16,"9.45",7.8,679.4,1.77,1.11,"Moderate","F1"
"382","3/30/2022","7.5","E",16.2,26.22,"10.16",7.8,666.7,1.79,1.12,"Moderate","F1"
"383","3/30/2022","7.5","H",16.2,26.23,"10.02",7.82,639,1.85,1.16,"Moderate","F1"
"384","3/30/2022","8","A",16.2,26.21,"9.8",7.96,452.2,2.45,1.54,"Low","F1"
"385","3/30/2022","8","B",16.2,26.24,"9.8",7.93,488.4,2.3,1.45,"Low","F1"
"386","3/30/2022","8","E",16.1,26.25,"10.5",7.95,459.3,2.4,1.51,"Low","F1"
"387","3/30/2022","8","G",16.1,26.22,"9.67",7.47,1397.6,0.82,0.51,"Low","F1"
"388","3/30/2022","Tank farm","",4.7,26.84,"10.68",8.04,355.4,2,1.23,NA,"F1"
"389","4/5/2022","7.5","B",16.3,26.66,"9.39",7.77,726.8,1.72,1.08,"Moderate","F1"
"390","4/5/2022","7.5","D",16.2,26.65,"9.59",7.79,697.4,1.77,1.11,"Moderate","F1"
"391","4/5/2022","7.5","E",16.2,26.71,"9.93",7.8,679,1.82,1.14,"Moderate","F1"
"392","4/5/2022","7.5","H",16.1,26.68,"10.08",7.8,675.9,1.83,1.15,"Moderate","F1"
"393","4/5/2022","8","A",16.1,26.68,"9.56",7.92,503.2,2.29,1.44,"Low","F1"
"394","4/5/2022","8","B",16.2,26.72,"9.34",7.94,469,2.43,1.53,"Low","F1"
"395","4/5/2022","8","E",16.2,26.7,"10.01",7.93,490.7,2.36,1.48,"Low","F1"
"396","4/5/2022","8","H",16.1,26.67,"10.03",7.93,493.2,2.35,1.48,"Low","F1"
"397","4/7/2022","7.5","A",16.2,26.6,"9.27",7.74,778.2,1.58,0.99,"Moderate","F1"
"398","4/7/2022","7.5","C",16.1,26.64,"9.27",7.74,779.2,1.57,0.99,"Moderate","F1"
"399","4/7/2022","7.5","F",16.2,26.59,"9.51",7.77,726.4,1.7,1.07,"Moderate","F1"
"400","4/7/2022","7.5","G",16.1,26.64,"9.58",7.77,723.8,1.69,1.06,"Moderate","F1"
"401","4/7/2022","8","C",16.6,26.5,"9.56",7.9,520.9,2.24,1.41,"Low","F1"
"402","4/7/2022","8","D",16.1,26.55,"9.46",7.91,503.5,2.27,1.43,"Low","F1"
"403","4/7/2022","8","F",16.1,26.59,"9.76",7.87,556.3,2.09,1.31,"Low","F1"
"404","4/7/2022","8","G",16.1,26.6,"9.8",7.92,488.8,2.31,1.45,"Low","F1"
"405","4/12/2022","7.5","E",16.1,26.56,"9.55",7.78,704.7,1.72,1.08,"Moderate","F1"
"406","4/12/2022","7.5","F",16.1,26.58,"9.51",7.8,666,1.78,1.12,"Moderate","F1"
"407","4/12/2022","7.5","G",16.1,26.56,"9.57",7.8,676.9,1.78,1.12,"Moderate","F1"
"408","4/12/2022","7.5","H",16.1,26.57,"9.76",7.8,672.5,1.78,1.12,"Moderate","F1"
"409","4/12/2022","8","A",16,26.56,"9.5",7.9,521.3,2.17,1.37,"Low","F1"
"410","4/12/2022","8","B",16,26.54,"9.42",7.95,458.6,2.4,1.51,"Low","F1"
"411","4/12/2022","8","C",16,26.57,"9.42",7.91,509.8,2.22,1.4,"Low","F1"
"412","4/12/2022","8","D",16,25.93,"9.58",7.94,467.4,2.34,1.47,"Low","F1"
"413","4/14/2022","7.5","A",15.3,26.39,"9.66",7.81,649.1,1.77,1.11,"Moderate","F1"
"414","4/14/2022","7.5","C",15.3,26.43,"9.31",7.79,678.9,1.69,1.06,"Moderate","F1"
"415","4/14/2022","7.5","F",15.5,26.29,"9.49",7.82,643.6,1.79,1.12,"Moderate","F1"
"416","4/14/2022","7.5","G",15.4,26.47,"9.76",7.81,655.4,1.78,1.11,"Moderate","F1"
"417","4/14/2022","8","C",15.7,26.2,"9.28",7.93,479.9,2.29,1.43,"Low","F1"
"418","4/14/2022","8","D",15.3,26.41,"9.54",7.93,485.7,2.24,1.4,"Low","F1"
"419","4/14/2022","8","F",15.4,26.46,"9.69",7.87,553.9,2.01,1.26,"Low","F1"
"420","4/14/2022","8","G",15.4,26.45,"9.98",7.97,433.8,2.48,1.55,"Low","F1"
"421","4/19/2022","7.5","A",15.1,26.52,"9.42",7.77,726.5,1.59,1,"Moderate","F1"
"422","4/19/2022","7.5","C",15.2,26.51,"9.22",7.72,815.9,1.46,0.91,"Moderate","F1"
"423","4/19/2022","7.5","F",15.2,26.62,"9.78",7.77,714.2,1.64,1.03,"Moderate","F1"
"424","4/19/2022","7.5","G",15.2,26.58,"9.78",7.76,729.2,1.59,1,"Moderate","F1"
"425","4/19/2022","8","C",15.2,26.5,"9.4",7.9,521.5,2.11,1.32,"Low","F1"
"426","4/19/2022","8","D",15.1,26.53,"9.39",7.9,517.8,2.1,1.32,"Low","F1"
"427","4/19/2022","8","F",15.1,26.6,"9.99",7.88,548,2.03,1.27,"Low","F1"
"428","4/19/2022","8","G",15.2,26.58,"9.71",7.94,466.5,2.31,1.45,"Low","F1"
"429","4/21/2022","7.5","B",15.3,26.41,"9.62",7.71,846,1.41,0.88,"Moderate","F1"
"430","4/21/2022","7.5","D",15.3,26.48,"9.91",7.75,764.9,1.54,0.96,"Moderate","F1"
"431","4/21/2022","7.5","E",15.3,26.49,"9.85",7.73,794.1,1.48,0.93,"Moderate","F1"
"432","4/21/2022","7.5","H",15.3,26.49,"10.24",7.74,780,1.51,0.94,"Moderate","F1"
"433","4/21/2022","8","A",15.1,26.44,"10.13",7.89,535,2.06,1.29,"Low","F1"
"434","4/21/2022","8","B",15.1,26.44,"9.73",7.84,595.2,1.87,1.17,"Low","F1"
"435","4/21/2022","8","E",15.2,26.48,"10.58",7.89,527.4,2.08,1.31,"Low","F1"
"436","4/21/2022","8","F",15.3,26.45,"9.96",7.87,562.9,1.98,1.24,"Low","F1"
"437","4/27/2022","7.5","A",15.3,25.61,"9.67",7.76,730.7,1.55,0.97,"Moderate","F1"
"438","4/27/2022","7.5","B",15.3,25.7,"9.71",7.73,789.9,1.44,0.9,"Moderate","F1"
"439","4/27/2022","7.5","C",15.3,25.76,"9.84",7.77,715,1.59,0.99,"Moderate","F1"
"440","4/27/2022","7.5","D",15.4,25.66,"9.92",7.73,787.3,1.45,0.91,"Moderate","F1"
"441","4/27/2022","8","A",15.3,25.72,"9.72",7.89,533.9,2,1.25,"Low","F1"
"442","4/27/2022","8","B",15.3,25.73,"10.02",7.9,511.5,2.09,1.31,"Low","F1"
"443","4/27/2022","8","C",15.3,25.73,"10.08",7.87,552.3,1.97,1.23,"Low","F1"
"444","4/27/2022","8","D",15.2,25.73,"10.22",7.88,538.8,2,1.25,"Low","F1"
"445","5/4/2022","7.5","A",15.3,26.48,"9.92",7.8,673.9,1.71,1.07,"Moderate","F1"
"446","5/4/2022","7.5","B",15.3,26.47,"9.62",7.8,670.2,1.71,1.07,"Moderate","F1"
"447","5/4/2022","7.5","C",15.3,26.47,"9.73",7.79,675.8,1.7,1.07,"Moderate","F1"
"448","5/4/2022","7.5","D",15.3,26.49,"9.71",7.79,676.6,1.69,1.06,"Moderate","F1"
"449","5/4/2022","8","A",15.3,26.51,"9.75",7.94,465.4,2.29,1.44,"Low","F1"
"450","5/4/2022","8","B",15.3,26.49,"10.64",7.94,470.3,2.29,1.44,"Low","F1"
"451","5/4/2022","8","C",15.3,26.51,"9.66",7.93,477.7,2.25,1.41,"Low","F1"
"452","5/4/2022","8","D",15.3,26.49,"9.67",7.94,468.4,2.29,1.44,"Low","F1"
"453","5/4/2022","","",10.8,26.51,"8.34",7.79,662.1,1.44,0.89,NA,"F1"
"454","5/10/2022","7.5","A",15.2,26.5,"9.81",7.81,648.8,1.76,1.1,"Moderate","F1"
"455","5/10/2022","7.5","B",15.2,26.31,"9.81",7.81,648.3,1.76,1.1,"Moderate","F1"
"456","5/10/2022","7.5","C",15.2,26.49,"9.82",7.81,643.5,1.75,1.1,"Moderate","F1"
"457","5/10/2022","7.5","D",15.3,26.28,"9.82",7.81,660.4,1.74,1.09,"Moderate","F1"
"458","5/10/2022","8","A",15.2,26.53,"9.82",7.95,456.9,2.34,1.47,"Low","F1"
"459","5/10/2022","8","B",15.2,26.5,"9.9",7.92,498.4,2.18,1.37,"Low","F1"
"460","5/10/2022","8","C",15.2,26.53,"9.85",7.94,470,2.27,1.42,"Low","F1"
"461","5/10/2022","8","D",15.2,26.52,"10.01",7.96,449.3,2.38,1.49,"Low","F1"
"462","5/16/2022","7.5","A",16.2,25.86,"9.52",7.75,753.8,1.55,0.97,"Moderate","F1"
"463","5/16/2022","7.5","B",16.1,25.89,"9.6",7.75,756.2,1.54,0.96,"Moderate","F1"
"464","5/16/2022","7.5","C",16.1,25.81,"9.5",7.74,761.1,1.53,0.96,"Moderate","F1"
"465","5/16/2022","7.5","D",16.2,25.78,"9.81",7.75,751.7,1.56,0.98,"Moderate","F1"
"466","5/16/2022","8","A",16.1,25.84,"9.6",7.92,485.2,2.23,1.4,"Low","F1"
"467","5/16/2022","8","B",16.1,25.74,"9.36",7.91,502,2.17,1.36,"Low","F1"
"468","5/16/2022","8","C",16.1,25.88,"9.37",7.92,487.7,2.21,1.38,"Low","F1"
"469","5/16/2022","8","D",16.1,25.79,"9.41",7.91,497.9,2.17,1.36,"Low","F1"
"470","5/24/2022","7.5","A",15.9,26.37,"9.79",7.8,671.5,1.75,1.1,"Moderate","F1"
"471","5/24/2022","7.5","B",15.9,26.47,"9.56",7.8,673,1.75,1.1,"Moderate","F1"
"472","5/24/2022","7.5","C",15.8,26.5,"9.7",7.8,671.2,1.74,1.09,"Moderate","F1"
"473","5/24/2022","7.5","D",15.8,26.5,"9.82",7.79,675.5,1.72,1.08,"Moderate","F1"
"474","5/24/2022","8","A",15.8,26.48,"9.84",7.95,460.7,2.37,1.49,"Low","F1"
"475","5/24/2022","8","B",15.8,26.5,"9.86",7.95,460.8,2.37,1.49,"Low","F1"
"476","5/24/2022","8","C",15.8,26.51,"9.67",7.94,469.2,2.33,1.46,"Low","F1"
"477","5/24/2022","8","D",15.8,26.56,"9.86",7.95,461.6,2.38,1.49,"Low","F1"
"478","6/1/2022","7.5","A",16,26.07,"9.29",7.7,869,1.42,0.89,"Moderate","F1"
"479","6/1/2022","7.5","B",16,25.74,"9.26",7.72,835.3,1.46,0.91,"Moderate","F1"
"480","6/1/2022","7.5","C",15.9,26.25,"9.43",7.72,822.5,1.48,0.93,"Moderate","F1"
"481","6/1/2022","7.5","D",15.8,26.33,"9.54",7.7,861.1,1.42,0.89,"Moderate","F1"
"482","6/1/2022","8","A",15.8,26.32,"9.65",7.86,583.3,1.97,1.24,"Low","F1"
"483","6/1/2022","8","B",15.8,26.36,"9.65",7.88,555.4,2.06,1.29,"Low","F1"
"484","6/1/2022","8","C",15.8,26.26,"9.46",7.86,582.6,1.97,1.23,"Low","F1"
"485","6/1/2022","8","D",15.8,26.23,"9.7",7.88,550,2.06,1.29,"Low","F1"
"486","6/6/2022","7.5","A",15.9,26.63,"9.41",7.73,796.8,1.53,0.96,"Moderate","F1"
"487","6/6/2022","7.5","B",16,26.6,"9.35",7.73,797,1.54,0.96,"Moderate","F1"
"488","6/6/2022","7.5","C",15.9,26.64,"9.46",7.73,800.6,1.53,0.96,"Moderate","F1"
"489","6/6/2022","7.5","D",16,26.67,"9.56",7.72,816,1.51,0.95,"Moderate","F1"
"490","6/6/2022","8","A",15.9,26.63,"9.76",7.91,510.2,2.21,1.39,"Low","F1"
"491","6/6/2022","8","B",15.9,26.67,"9.48",7.89,533.5,2.13,1.34,"Low","F1"
"492","6/6/2022","8","C",15.9,26.63,"9.54",7.9,517.8,2.19,1.38,"Low","F1"
"493","6/6/2022","8","D",15.9,26.67,"9.5",7.93,487.6,2.3,1.45,"Low","F1"
"494","6/16/2022","7.5","A",15.8,26.47,"9.58",7.69,877.6,1.4,0.88,"Moderate","F1"
"495","6/16/2022","7.5","B",15.8,26.38,"9.94",7.69,879.3,1.39,0.87,"Moderate","F1"
"496","6/16/2022","7.5","C",15.7,26.24,"9.7",7.69,891.1,1.37,0.86,"Moderate","F1"
"497","6/16/2022","7.5","D",15.7,26.4,"9.86",7.69,882.7,1.38,0.87,"Moderate","F1"
"498","6/16/2022","8","A",15.7,26.38,"9.91",7.86,583.5,1.97,1.23,"Low","F1"
"499","6/16/2022","8","B",15.6,26.5,"9.44",7.85,590.8,1.94,1.21,"Low","F1"
"500","6/16/2022","8","C",15.6,26.25,"9.5",7.82,636,1.82,1.14,"Low","F1"
"501","6/16/2022","8","D",15.6,26.4,"9.52",7.86,580.2,1.97,1.24,"Low","F1"
"502","6/22/2022","7.5","A",15.7,27.35,"9.65",7.69,889.9,1.45,0.91,"Moderate","F1"
"503","6/22/2022","7.5","B",15.7,27.32,"10.01",7.69,886.8,1.46,0.92,"Moderate","F1"
"504","6/22/2022","7.5","C",15.7,27.36,"9.58",7.68,907.7,1.42,0.89,"Moderate","F1"
"505","6/22/2022","7.5","D",15.7,27.32,"9.59",7.69,898.7,1.43,0.9,"Moderate","F1"
"506","6/22/2022","8","A",15.7,27.31,"9.68",7.86,590.4,2.06,1.3,"Low","F1"
"507","6/22/2022","8","B",15.7,27.38,"9.93",7.84,612.6,1.99,1.25,"Low","F1"
"508","6/22/2022","8","C",15.6,27.38,"9.91",7.86,590.4,2.05,1.29,"Low","F1"
"509","6/22/2022","8","D",15.7,27.36,"9.59",7.82,639.2,1.92,1.21,"Low","F1"
"510","6/27/2022","7.5","A",16,26.56,"9.55",7.73,803.8,1.51,0.95,"Moderate","F1"
"511","6/27/2022","7.5","B",16,26.58,"9.58",7.73,803.2,1.52,0.95,"Moderate","F1"
"512","6/27/2022","7.5","C",16,26.57,"9.45",7.72,807.8,1.51,0.95,"Moderate","F1"
"513","6/27/2022","7.5","D",16,26.56,"9.51",7.72,819.2,1.5,0.94,"Moderate","F1"
"514","6/27/2022","8","A",16,26.44,"9.32",7.9,527.1,2.16,1.36,"Low","F1"
"515","6/27/2022","8","B",16,26.57,"9.56",7.9,523.6,2.18,1.37,"Low","F1"
"516","6/27/2022","8","C",16,26.56,"9.4",7.88,554.2,2.07,1.3,"Low","F1"
"517","6/27/2022","8","D",16,26.53,"9.37",7.88,547.2,2.1,1.32,"Low","F1"
"518","7/7/2022","7.5","A",16,27.52,"9.44",7.65,987.4,1.33,0.84,"Moderate","F1"
"519","7/7/2022","7.5","B",16.1,27.46,"9.37",7.65,987.2,1.33,0.84,"Moderate","F1"
"520","7/7/2022","7.5","C",16.1,27.41,"9.47",7.64,998.3,1.32,0.83,"Moderate","F1"
"521","7/7/2022","7.5","D",16.1,27.38,"9.41",7.64,1012.8,1.3,0.82,"Moderate","F1"
"522","7/7/2022","7.5","used (E)",16.3,27.45,"10.1",7.63,1040.6,1.28,0.81,"Moderate","F1"
"523","7/7/2022","7.5","not used (F)",16.2,27.52,"10.25",7.64,1000.5,1.32,0.83,"Moderate","F1"
"524","7/7/2022","8","A",15.9,27.52,"10.15",7.74,785.6,1.61,1.02,"Low","F1"
"525","7/7/2022","8","B",15.9,27.56,"9.43",7.75,754.4,1.66,1.05,"Low","F1"
"526","7/7/2022","8","C",15.9,27.62,"9.79",7.77,733.6,1.7,1.07,"Low","F1"
"527","7/7/2022","8","D",15.9,27.52,"9.56",7.76,740.7,1.69,1.06,"Low","F1"
"528","7/7/2022","8","used (E)",16,27.52,"10.34",7.81,653,1.88,1.19,"Low","F1"
"529","7/7/2022","8","not used (F)",16,27.53,"10.45",7.81,650,1.89,1.19,"Low","F1"
"530","7/14/2022","7.5","A",15.8,27.68,"10.45",7.65,980.1,1.35,0.85,"Moderate","F1"
"531","7/14/2022","7.5","B",15.8,27.6,"10.21",7.64,1019.8,1.29,0.82,"Moderate","F1"
"532","7/14/2022","7.5","C",15.8,27.68,"10.22",7.65,993.3,1.32,0.83,"Moderate","F1"
"533","7/14/2022","7.5","D",15.8,27.68,"10.27",7.61,1069.6,1.24,0.78,"Moderate","F1"
"534","7/14/2022","8","A",15.9,27.67,"9.97",7.82,644.2,1.91,1.2,"Low","F1"
"535","7/14/2022","8","B",15.7,27.52,"9.94",7.79,688.2,1.79,1.13,"Low","F1"
"536","7/14/2022","8","C",15.8,27.68,"9.94",7.8,681.2,1.82,1.15,"Low","F1"
"537","7/14/2022","8","D",15.8,27.62,"10.03",7.79,688.5,1.81,1.14,"Low","F1"
"538","7/21/2022","7.5","A",16.5,28.01,"10.13",7.73,813.8,1.62,1.03,"Moderate","F1"
"539","7/21/2022","7.5","B",16.5,28,"9.51",7.73,805.2,1.64,1.03,"Moderate","F1"
"540","7/21/2022","7.5","C",16.5,27.95,"9.53",7.73,807.5,1.63,1.03,"Moderate","F1"
"541","7/21/2022","7.5","D",16.5,27.97,"10.17",7.72,829.3,1.59,1.01,"Moderate","F1"
"542","7/21/2022","8","A",16.4,28,"9.8",7.87,572.9,2.17,1.37,"Low","F1"
"543","7/21/2022","8","B",16.4,27.61,"9.85",7.86,578,2.15,1.35,"Low","F1"
"544","7/21/2022","8","C",16.4,27.98,"9.78",7.85,593.2,2.11,1.33,"Low","F1"
"545","7/21/2022","8","D",16.4,27.98,"9.99",7.87,563.3,2.2,1.39,"Low","F1"
"546","7/25/2022","7.5","A",16.4,27.85,"10.17",7.72,819.4,1.6,1.01,"Moderate","F1"
"547","7/25/2022","7.5","B",15.5,27.82,"9.69",7.73,800.8,1.64,1.03,"Moderate","F1"
"548","7/25/2022","7.5","C",16.3,27.9,"9.84",7.74,778.3,1.67,1.06,"Moderate","F1"
"549","7/25/2022","7.5","D",16.4,27.83,"9.84",7.72,819.8,1.6,1.01,"Moderate","F1"
"550","7/25/2022","8","A",16.4,27.85,"9.63",7.87,565.8,2.17,1.37,"Low","F1"
"551","7/25/2022","8","B",16.2,27.92,"9.85",7.84,607.6,2.05,1.29,"Low","F1"
"552","7/25/2022","8","C",16.1,27.88,"9.8",7.87,570,2.15,1.36,"Low","F1"
"553","7/25/2022","8","D",16.1,27.93,"10.07",7.83,628.7,1.97,1.25,"Low","F1"
"554","7/29/2022","7.5","E",16,27.96,"9.61",7.73,802.8,1.62,1.02,"Moderate","F1"
"555","7/29/2022","7.5","F",15.9,27.95,"9.53",7.74,779.9,1.65,1.04,"Moderate","F1"
"556","7/29/2022","7.5","G",16,27.97,"9.53",7.74,782.7,1.65,1.04,"Moderate","F1"
"557","7/29/2022","7.5","H",16,27.98,"9.73",7.73,803.1,1.61,1.02,"Moderate","F1"
"558","7/29/2022","8","E",15.9,27.63,"9.48",7.9,523.6,2.27,1.43,"Low","F1"
"559","7/29/2022","8","F",15.9,27.95,"9.5",7.86,583.1,2.1,1.33,"Low","F1"
"560","7/29/2022","8","G",15.9,27.78,"9.35",7.86,586.1,2.08,1.31,"Low","F1"
"561","7/29/2022","8","H",15.9,27.91,"9.51",7.85,600.3,2.05,1.29,"Low","F1"
"562","8/1/2022","7.5","A",16.1,28.16,"10.14",7.69,898.1,1.5,0.95,"Moderate","F1"
"563","8/1/2022","7.5","B",16.1,28.15,"9.58",7.68,919.5,1.47,0.93,"Moderate","F1"
"564","8/1/2022","7.5","C",16.1,28.18,"10.17",7.71,865.2,1.55,0.98,"Moderate","F1"
"565","8/1/2022","7.5","D",16.1,28.07,"9.8",7.68,915.8,1.48,0.93,"Moderate","F1"
"566","8/1/2022","7.5","E",16.1,28.2,"9.54",7.71,856.1,1.56,0.99,"Moderate","F1"
"567","8/1/2022","7.5","F",16.1,28.22,"9.53",7.72,842.2,1.58,1,"Moderate","F1"
"568","8/1/2022","7.5","G",16.1,28.19,"9.51",7.72,842.4,1.58,1,"Moderate","F1"
"569","8/1/2022","7.5","H",16,28.2,"9.51",7.71,847.1,1.57,0.99,"Moderate","F1"
"570","8/1/2022","8","A",16,28.19,"9.88",7.75,771.5,1.71,1.08,"Low","F1"
"571","8/1/2022","8","B",16,28.21,"9.87",7.85,606.9,2.08,1.32,"Low","F1"
"572","8/1/2022","8","C",16.1,28.14,"9.84",7.76,756.5,1.73,1.09,"Low","F1"
"573","8/1/2022","8","D",16,28.17,"9.97",7.77,740.5,1.75,1.11,"Low","F1"
"574","8/1/2022","8","E",16,28.2,"9.42",7.82,649.7,1.95,1.23,"Low","F1"
"575","8/1/2022","8","F",16.1,28.21,"9.36",7.89,547.9,2.26,1.43,"Low","F1"
"576","8/1/2022","8","G",16.1,28.13,"9.42",7.88,551.9,2.23,1.41,"Low","F1"
"577","8/1/2022","8","H",16.2,28.2,"9.23",7.82,640,1.98,1.25,"Low","F1"
"578","8/8/2022","7.5","E",17.1,28.13,"8.72",7.64,1025.8,1.38,0.87,"Moderate","F1"
"579","8/8/2022","7.5","F",17.1,28.01,"8.83",7.66,972.8,1.44,0.91,"Moderate","F1"
"580","8/8/2022","7.5","G",17.2,28.03,"8.7",7.64,1020.7,1.39,0.88,"Moderate","F1"
"581","8/8/2022","7.5","H",17.1,28.03,"9.04",7.68,928.9,1.5,0.95,"Moderate","F1"
"582","8/8/2022","8","E",17.1,28.02,"9.05",7.87,574.7,2.24,1.42,"Low","F1"
"583","8/8/2022","8","F",17.1,28.03,"9.09",7.84,622.4,2.11,1.34,"Low","F1"
"584","8/8/2022","8","G",17,27.76,"9.02",7.84,619.3,2.1,1.33,"Low","F1"
"585","8/8/2022","8","H",17.1,27.94,"9.17",7.83,627.3,2.09,1.32,"Low","F1"
"586","8/9/2022","7.5","A",16.1,28.34,"9.56",7.66,976.5,1.43,0.91,"Moderate","F1"
"587","8/9/2022","7.5","B",16.1,28.24,"9.93",7.66,971,1.43,0.91,"Moderate","F1"
"588","8/9/2022","7.5","C",16,28.35,"9.98",7.67,954.4,1.45,0.92,"Moderate","F1"
"589","8/9/2022","7.5","D",16.2,28.04,"10.03",7.66,985.2,1.41,0.89,"Moderate","F1"
"590","8/9/2022","8","A",15.8,28.36,"9.88",7.78,729,1.8,1.14,"Low","F1"
"591","8/9/2022","8","B",15.7,28.35,"9.79",7.79,697.6,1.86,1.18,"Low","F1"
"592","8/9/2022","8","C",15.8,28.26,"9.72",7.77,742.1,1.77,1.12,"Low","F1"
"593","8/9/2022","8","D",15.8,28.36,"9.8",7.78,718.1,1.83,1.16,"Low","F1"
"594","8/17/2022","7.5","B",16.1,28.29,"9.6",7.67,947,1.44,0.91,"Moderate","F1"
"595","8/17/2022","7.5","C",16,28.77,"10.16",7.64,1007.6,1.38,0.87,"Moderate","F1"
"596","8/17/2022","7.5","E",16,28.98,"9.15",7.66,954.7,1.44,0.91,"Moderate","F1"
"597","8/17/2022","7.5","F",16,28.94,"9.11",7.67,947.6,1.44,0.92,"Moderate","F1"
"598","8/17/2022","8","C",15.8,28.86,"9.85",7.79,701.1,1.85,1.17,"Low","F1"
"599","8/17/2022","8","D",15.9,28.91,"9.67",7.75,772.4,1.72,1.09,"Low","F1"
"600","8/17/2022","8","G",15.9,28.91,"9.24",7.8,679.5,1.9,1.2,"Low","F1"
"601","8/17/2022","8","H",15.9,28.86,"9.39",7.82,640.3,2,1.27,"Low","F1"
"602","8/22/2022","7.5","A",16.4,28.63,"9.97",7.68,918.7,1.48,0.94,"Moderate","F1"
"603","8/22/2022","7.5","D",16.4,29.03,"9.88",7.7,873.5,1.55,0.99,"Moderate","F1"
"604","8/22/2022","7.5","G",16.4,29.06,"9.06",7.7,871.6,1.55,0.98,"Moderate","F1"
"605","8/22/2022","7.5","H",16.4,29.08,"9.55",7.69,880.9,1.54,0.98,"Moderate","F1"
"606","8/22/2022","8","A",16.3,29.11,"9.82",7.81,651,1.99,1.26,"Low","F1"
"607","8/22/2022","8","B",16.3,28.82,"9.81",7.86,579.3,2.17,1.38,"Low","F1"
"608","8/22/2022","8","E",16.4,29.11,"9.14",7.77,723.4,1.82,1.16,"Low","F1"
"609","8/22/2022","8","F",16.4,28.93,"9.16",7.81,661.7,1.94,1.23,"Low","F1"
"610","8/29/2022","7.5","A",15.7,28.89,"9.46",7.61,1046.4,1.25,0.79,"Moderate","F1"
"611","8/29/2022","7.5","B",15.7,28.88,"9.49",7.62,1025.9,1.27,0.8,"Moderate","F1"
"612","8/29/2022","7.5","C",15.7,28.92,"9.29",7.62,1045.3,1.25,0.79,"Moderate","F1"
"613","8/29/2022","7.5","D",15.7,28.87,"9.44",7.62,1046.2,1.25,0.79,"Moderate","F1"
"614","8/29/2022","8","A",15.7,28.9,"9.51",7.79,668.8,1.83,1.16,"Low","F1"
"615","8/29/2022","8","B",15.8,28.88,"9.38",7.79,685,1.81,1.14,"Low","F1"
"616","8/29/2022","8","C",15.9,28.65,"9.37",7.72,821,1.56,0.99,"Low","F1"
"617","8/29/2022","8","D",15.7,28.9,"9.5",7.76,723.4,1.72,1.09,"Low","F1"
"618","9/12/2022","7.5","A",19.7,28.34,"8.64",7.6,1149.7,1.43,0.91,"Moderate","F1"
"619","9/12/2022","7.5","B",19.7,28.37,"8.91",7.62,1080.9,1.48,0.94,"Moderate","F1"
"620","9/12/2022","7.5","C",19.8,28.32,"9.59",7.6,1147.9,1.42,0.91,"Moderate","F1"
"621","9/12/2022","7.5","D",19.6,28.34,"8.97",7.63,1079.7,1.53,0.98,"Moderate","F1"
"622","9/12/2022","8","A",19.7,28.34,"8.85",7.83,624.1,2.24,1.43,"Low","F1"
"623","9/12/2022","8","B",19.6,28.32,"8.96",7.85,624,2.52,1.61,"Low","F1"
"624","9/12/2022","8","C",19.6,28.34,"9.22",7.85,601.9,2.42,1.55,"Low","F1"
"625","9/12/2022","8","D",19.6,28.33,"9.24",7.66,942.6,1.57,1,"Low","F1"
"626","9/14/2022","8","D",20.3,28.16,"8.65",7.69,887.6,1.68,1.07,"Low","F1"
"627","9/19/2022","7.5","A",20.3,28.8,"",7.73,798.1,1.89,1.21,"Moderate","F1"
"628","9/19/2022","7.5","B",20.4,28.77,"",7.71,835.8,1.82,1.16,"Moderate","F1"
"629","9/19/2022","7.5","C",20.4,28.77,"",7.73,806,1.88,1.2,"Moderate","F1"
"630","9/19/2022","7.5","D",20.3,28.78,"",7.79,693,2.11,1.35,"Moderate","F1"
"631","9/19/2022","8","A",20.3,28.74,"",7.9,514.8,2.66,1.7,"Low","F1"
"632","9/19/2022","8","B",20.3,28.7,"",7.92,491.6,2.75,1.76,"Low","F1"
"633","9/19/2022","8","C",20.2,28.8,"",7.87,550.1,2.51,1.61,"Low","F1"
"634","9/19/2022","8","D",20.3,28.78,"",7.79,681.2,2.13,1.37,"Low","F1"
"635","9/26/2022","7.5","A",19.3,28.08,"8.4",7.71,852.6,1.74,1.11,"Moderate","F1"
"636","9/26/2022","7.5","B",19.4,28.1,"8.66",7.7,868,1.72,1.1,"Moderate","F1"
"637","9/26/2022","7.5","C",19.4,28.06,"8.7",7.69,894,1.67,1.07,"Moderate","F1"
"638","9/26/2022","8","A",19.2,28.12,"8.72",7.88,550.1,2.43,1.54,"Low","F1"
"639","9/26/2022","8","B",19.2,28.11,"8.76",7.85,595,2.34,1.49,"Low","F1"
"640","9/26/2022","8","C",19.3,28.09,"8.76",7.66,949.9,1.52,0.97,"Low","F1"
"641","9/26/2022","8","D",19.4,28.14,"8.25",7.85,598.3,2.34,1.49,"Low","F1"
"642","10/3/2022","7.5","A",15.8,28.5,"9.98",7.77,736.8,1.84,1.17,"Moderate","F1"
"643","10/3/2022","7.5","C",15.8,28.51,"10.08",7.77,733.9,1.84,1.17,"Moderate","F1"
"644","10/3/2022","8","C",15.5,28.52,"10.23",7.87,558.1,2.26,1.43,"Low","F1"
"645","10/3/2022","8","D",15.5,28.51,"10.31",7.9,523.1,2.38,1.51,"Low","F1"
"646","10/3/2022","7.5","E",16.4,28.57,"9.84",7.77,721.7,1.84,1.17,"Moderate","F1"
"647","10/3/2022","7.5","F",16.4,28.54,"9.88",7.77,730.2,1.81,1.15,"Moderate","F1"
"648","10/3/2022","8","E",16.4,28.39,"10.12",7.9,515.4,2.42,1.53,"Low","F1"
"649","10/3/2022","8","F",16.3,28.57,"10.23",7.91,508.7,2.45,1.56,"Low","F1"
"650","10/6/2022","7.5","B",15.5,28.28,"10.24",7.76,732.9,1.68,1.06,"Moderate","F1"
"651","10/6/2022","7.5","D",15.5,28.34,"9.74",7.76,733.8,1.68,1.06,"Moderate","F1"
"652","10/6/2022","8","A",15.5,28.31,"10.29",7.85,578.3,2.03,1.28,"Low","F1"
"653","10/6/2022","8","B",15.5,28.41,"10.47",7.84,595.8,1.99,1.26,"Low","F1"
"654","10/6/2022","7.5","G",16.1,28.32,"9.83",7.76,731.2,1.72,1.09,"Moderate","F1"
"655","10/6/2022","8","G",16.1,28.34,"9.84",7.89,534.2,2.21,1.4,"Low","F1"
"656","10/11/2022","7.5","A",13.1,28.16,"10.56",7.88,542,1.98,1.24,"Moderate","F1"
"657","10/11/2022","7.5","B",13.3,28.23,"10.99",7.94,NA,2.26,1.42,"Moderate","F1"
"658","10/11/2022","8","A",13.1,28.15,"10.92",8,403,2.5,1.57,"Low","F1"
"659","10/11/2022","8","B",13.2,28.2,"10.74",8.04,362.2,2.76,1.74,"Low","F1"
"660","10/11/2022","7.5","E",14,28.17,"10.45",7.87,564.8,1.98,1.25,"Moderate","F1"
"661","10/11/2022","7.5","F",14.2,28.09,"10.27",7.9,519.2,2.17,1.36,"Moderate","F1"
"662","10/11/2022","8","E",14,28.13,"10.36",7.97,432.4,2.45,1.54,"Low","F1"
"663","10/11/2022","8","F",14.1,28.14,"10.16",7.99,411.7,2.59,1.63,"Low","F1"
"664","10/12/2022","7.5","C",13.2,28.38,"10.62",7.87,566.6,1.96,1.23,"Moderate","F1"
"665","10/12/2022","7.5","D",13.2,28.39,"10.66",7.87,559.6,1.99,1.25,"Moderate","F1"
"666","10/12/2022","8","C",13.2,28.4,"10.77",7.97,430.3,2.44,1.54,"Low","F1"
"667","10/12/2022","8","D",13.2,28.39,"10.66",7.97,442.3,2.4,1.51,"Low","F1"
"668","10/12/2022","7.5","G",14.4,28.42,"10.06",7.84,612.3,1.92,1.21,"Moderate","F1"
"669","10/12/2022","8","G",14,28.4,"10.2",7.93,482.6,2.3,1.45,"Low","F1"
"670","10/17/2022","7.5","A",13.1,28.62,"10.37",7.84,609.9,1.85,1.17,"Moderate","F1"
"671","10/17/2022","7.5","C",13,28.65,"10.75",7.85,585.6,1.91,1.2,"Moderate","F1"
"672","10/17/2022","8","A",13.1,28.22,"10.59",7.97,434.9,2.42,1.52,"Low","F1"
"673","10/17/2022","8","B",13.1,28.7,"10.46",7.97,430.8,2.46,1.55,"Low","F1"
"674","10/17/2022","7.5","F",13.2,28.58,"10",7.84,607.2,1.88,1.18,"Moderate","F1"
"675","10/17/2022","7.5","G",13.5,28.54,"9.87",7.82,644.9,1.82,1.15,"Moderate","F1"
"676","10/17/2022","8","E",13,28.62,"10.29",8,405.7,2.59,1.63,"Low","F1"
"677","10/17/2022","8","G",13.1,28.63,"10.41",7.94,476.4,2.27,1.43,"Low","F1"
"678","10/20/2022","7.5","B",13.5,28.43,"10.17",7.92,497.2,2.23,1.41,"Moderate","F1"
"679","10/20/2022","7.5","D",13,28.48,"10.72",7.91,501.4,2.16,1.36,"Moderate","F1"
"680","10/20/2022","8","C",13.4,28.51,"10.28",8.06,343.9,2.92,1.84,"Low","F1"
"681","10/20/2022","8","D",12.9,28.42,"10.72",7.96,443.1,2.38,1.5,"Low","F1"
"682","10/20/2022","7.5","E",13,28.53,"10.52",7.9,518.6,2.11,1.33,"Moderate","F1"
"683","10/20/2022","8","F",12.9,28.54,"10.83",7.95,455,2.33,1.47,"Low","F1"
"684","10/24/2022","7.5","A",13.2,28.11,"10.39",7.79,679.6,1.67,1.05,"Moderate","F1"
"685","10/24/2022","7.5","B",13.2,28.16,"10.34",7.8,669.8,1.69,1.06,"Moderate","F1"
"686","10/24/2022","7.5","D",13.2,28.17,"10.78",7.82,637.5,1.77,1.11,"Moderate","F1"
"687","10/24/2022","8","A",13,28.17,"11",7.91,512.4,2.1,1.32,"Low","F1"
"688","10/24/2022","8","B",13,28.14,"10.77",7.9,525.4,2.06,1.29,"Low","F1"
"689","10/24/2022","7.5","G",13.3,28.16,"11.15",7.8,672.1,1.7,1.07,"Moderate","F1"
"690","10/24/2022","8","E",13.2,28.19,"11.02",7.87,569,1.94,1.22,"Low","F1"
"691","10/24/2022","8","G",13.1,28.18,"10.96",7.91,508.2,2.13,1.34,"Low","F1"
"692","10/27/2022","7.5","C",13.1,27.96,"10.34",7.78,703.2,1.62,1.02,"Moderate","F1"
"693","10/27/2022","8","C",13.1,27.95,"10.76",7.88,551.1,1.99,1.25,"Low","F1"
"694","10/27/2022","8","D",12.9,27.92,"10.99",7.87,557.1,1.95,1.22,"Low","F1"
"695","10/27/2022","7.5","E",13,27.98,"10.63",7.79,694.4,1.65,1.03,"Moderate","F1"
"696","10/27/2022","7.5","F",13,27.94,"10.91",7.79,689.1,1.64,1.03,"Moderate","F1"
"697","10/27/2022","8","F",13,28,"10.57",7.87,565.4,1.94,1.22,"Low","F1"
"698","10/30/2022","7.5","B",11.4,28.29,"10.74",7.85,586.4,1.77,1.11,"Moderate","F1"
"699","10/30/2022","8","B",11.2,28.22,"10.93",7.96,446.7,2.19,1.37,"Low","F1"
"700","10/30/2022","7.5","F",11.3,28.26,"10.92",7.87,553.5,1.85,1.16,"Moderate","F1"
"701","10/30/2022","7.5","G",11.2,28.28,"10.95",7.87,564.1,1.83,1.15,"Moderate","F1"
"702","10/30/2022","8","F",11.1,28.27,"10.8",7.93,485.7,2.06,1.29,"Low","F1"
"703","10/30/2022","8","G",11.1,28.35,"11.09",7.96,441.6,2.23,1.4,"Low","F1"
