[Header],,,,,,,,,,
Date,6/1/2018,,,,,,,,,
Workflow,GenerateFASTQ,,,,,,,,,
Assay,Nextera DNA Flex,,,,,,,,,
Index Kit,IDT-ILMN Nextera DNA UD Indexes (384),,,,,,,,,
Description,,,,,,,,,,
Chemistry,Amplicon,,,,,,,,,
,,,,,,,,,,
[Reads],,,,,,,,,,
151,,,,,,,,,,
151,,,,,,,,,,
,,,,,,,,,,
[Settings],,,,,,,,,,
Adapter,CTGTCTCTTATACACATCT,,,,,,,,,
,,,,,,,,,,
[Data],,,,,,,,,,
Lane,Sample_ID,Sample_Name,Index_Plate,Index_Plate_Well,I7_Index_ID,index,I5_Index_ID,index2,Sample_Project,Description
1,1,,A,A01,UDP0001,GAACTGAGCG,UDP0001,TCGTGGAGCG,Project,Description
1,2,,A,B01,UDP0002,AGGTCAGATA,UDP0002,CTACAAGATA,Project,Description
1,3,,A,C01,UDP0003,CGTCTCATAT,UDP0003,TATAGTAGCT,Project,Description
1,4,,A,D01,UDP0004,ATTCCATAAG,UDP0004,TGCCTGGTGG,Project,Description
1,5,,A,E01,UDP0005,GACGAGATTA,UDP0005,ACATTATCCT,Project,Description
1,6,,A,F01,UDP0006,AACATCGCGC,UDP0006,GTCCACTTGT,Project,Description
1,7,,A,G01,UDP0007,CTAGTGCTCT,UDP0007,TGGAACAGTA,Project,Description
1,8,,A,H01,UDP0008,GATCAAGGCA,UDP0008,CCTTGTTAAT,Project,Description
1,9,,A,A02,UDP0009,GACTGAGTAG,UDP0009,GTTGATAGTG,Project,Description
1,10,,A,B02,UDP0010,AGTCAGACGA,UDP0010,ACCAGCGACA,Project,Description
1,11,,A,C02,UDP0011,CCGTATGTTC,UDP0011,CATACACTGT,Project,Description
1,12,,A,D02,UDP0012,GAGTCATAGG,UDP0012,GTGTGGCGCT,Project,Description
1,13,,A,E02,UDP0013,CTTGCCATTA,UDP0013,ATCACGAAGG,Project,Description
1,14,,A,F02,UDP0014,GAAGCGGCAC,UDP0014,CGGCTCTACT,Project,Description
1,15,,A,G02,UDP0015,TCCATTGCCG,UDP0015,GAATGCACGA,Project,Description
1,16,,A,H02,UDP0016,CGGTTACGGC,UDP0016,AAGACTATAG,Project,Description
1,17,,A,A03,UDP0017,GAGAATGGTT,UDP0017,TCGGCAGCAA,Project,Description
1,18,,A,B03,UDP0018,AGAGGCAACC,UDP0018,CTAATGATGG,Project,Description
1,19,,A,C03,UDP0019,CCATCATTAG,UDP0019,GGTTGCCTCT,Project,Description
1,20,,A,D03,UDP0020,GATAGGCCGA,UDP0020,CGCACATGGC,Project,Description
1,21,,A,E03,UDP0021,ATGGTTGACT,UDP0021,GGCCTGTCCT,Project,Description
1,22,,A,F03,UDP0022,TATTGCGCTC,UDP0022,CTGTGTTAGG,Project,Description
1,23,,A,G03,UDP0023,ACGCCTTGTT,UDP0023,TAAGGAACGT,Project,Description
1,24,,A,H03,UDP0024,TTCTACATAC,UDP0024,CTAACTGTAA,Project,Description
1,25,,A,A04,UDP0025,AACCATAGAA,UDP0025,GGCGAGATGG,Project,Description
1,26,,A,B04,UDP0026,GGTTGCGAGG,UDP0026,AATAGAGCAA,Project,Description
1,27,,A,C04,UDP0027,TAAGCATCCA,UDP0027,TCAATCCATT,Project,Description
1,28,,A,D04,UDP0028,ACCACGACAT,UDP0028,TCGTATGCGG,Project,Description
1,29,,A,E04,UDP0029,GCCGCACTCT,UDP0029,TCCGACCTCG,Project,Description
1,30,,A,F04,UDP0030,CCACCAGGCA,UDP0030,CTTATGGAAT,Project,Description
1,31,,A,G04,UDP0031,GTGACACGCA,UDP0031,GCTTACGGAC,Project,Description
1,32,,A,H04,UDP0032,ACAGTGTATG,UDP0032,GAACATACGG,Project,Description
1,33,,A,A05,UDP0033,TGATTATACG,UDP0033,GTCGATTACA,Project,Description
1,34,,A,B05,UDP0034,CAGCCGCGTA,UDP0034,ACTAGCCGTG,Project,Description
1,35,,A,C05,UDP0035,GGTAACTCGC,UDP0035,AAGTTGGTGA,Project,Description
1,36,,A,D05,UDP0036,ACCGGCCGTA,UDP0036,TGGCAATATT,Project,Description
1,37,,A,E05,UDP0037,TGTAATCGAC,UDP0037,GATCACCGCG,Project,Description
1,38,,A,F05,UDP0038,GTGCAGACAG,UDP0038,TACCATCCGT,Project,Description
1,39,,A,G05,UDP0039,CAATCGGCTG,UDP0039,GCTGTAGGAA,Project,Description
1,40,,A,H05,UDP0040,TATGTAGTCA,UDP0040,CGCACTAATG,Project,Description
1,41,,A,A06,UDP0041,ACTCGGCAAT,UDP0041,GACAACTGAA,Project,Description
1,42,,A,B06,UDP0042,GTCTAATGGC,UDP0042,AGTGGTCAGG,Project,Description
1,43,,A,C06,UDP0043,CCATCTCGCC,UDP0043,TTCTATGGTT,Project,Description
1,44,,A,D06,UDP0044,CTGCGAGCCA,UDP0044,AATCCGGCCA,Project,Description
1,45,,A,E06,UDP0045,CGTTATTCTA,UDP0045,CCATAAGGTT,Project,Description
1,46,,A,F06,UDP0046,AGATCCATTA,UDP0046,ATCTCTACCA,Project,Description
1,47,,A,G06,UDP0047,GTCCTGGATA,UDP0047,CGGTGGCGAA,Project,Description
1,48,,A,H06,UDP0048,CAGTGGCACT,UDP0048,TAACAATAGG,Project,Description
1,49,,A,A07,UDP0049,AGTGTTGCAC,UDP0049,CTGGTACACG,Project,Description
1,50,,A,B07,UDP0050,GACACCATGT,UDP0050,TCAACGTGTA,Project,Description
1,51,,A,C07,UDP0051,CCTGTCTGTC,UDP0051,ACTGTTGTGA,Project,Description
1,52,,A,D07,UDP0052,TGATGTAAGA,UDP0052,GTGCGTCCTT,Project,Description
1,53,,A,E07,UDP0053,GGAATTGTAA,UDP0053,AGCACATCCT,Project,Description
1,54,,A,F07,UDP0054,GCATAAGCTT,UDP0054,TTCCGTCGCA,Project,Description
1,55,,A,G07,UDP0055,CTGAGGAATA,UDP0055,CTTAACCACT,Project,Description
1,56,,A,H07,UDP0056,AACGCACGAG,UDP0056,GCCTCGGATA,Project,Description
1,57,,A,A08,UDP0057,TCTATCCTAA,UDP0057,CGTCGACTGG,Project,Description
1,58,,A,B08,UDP0058,CTCGCTTCGG,UDP0058,TACTAGTCAA,Project,Description
1,59,,A,C08,UDP0059,CTGTTGGTCC,UDP0059,ATAGACCGTT,Project,Description
1,60,,A,D08,UDP0060,TTACCTGGAA,UDP0060,ACAGTTCCAG,Project,Description
1,61,,A,E08,UDP0061,TGGCTAATCA,UDP0061,AGGCATGTAG,Project,Description
1,62,,A,F08,UDP0062,AACACTGTTA,UDP0062,GCAAGTCTCA,Project,Description
1,63,,A,G08,UDP0063,ATTGCGCGGT,UDP0063,TTGGCTCCGC,Project,Description
1,64,,A,H08,UDP0064,TGGCGCGAAC,UDP0064,AACTGATACT,Project,Description
1,65,,A,A09,UDP0065,TAATGTGTCT,UDP0065,GTAAGGCATA,Project,Description
1,66,,A,B09,UDP0066,ATACCAACGC,UDP0066,AATTGCTGCG,Project,Description
1,67,,A,C09,UDP0067,AGGATGTGCT,UDP0067,TTACAATTCC,Project,Description
1,68,,A,D09,UDP0068,CACGGAACAA,UDP0068,AACCTAGCAC,Project,Description
1,69,,A,E09,UDP0069,TGGAGTACTT,UDP0069,TCTGTGTGGA,Project,Description
1,70,,A,F09,UDP0070,GTATTGACGT,UDP0070,GGAATTCCAA,Project,Description
1,71,,A,G09,UDP0071,CTTGTACACC,UDP0071,AAGCGCGCTT,Project,Description
1,72,,A,H09,UDP0072,ACACAGGTGG,UDP0072,TGAGCGTTGT,Project,Description
1,73,,A,A10,UDP0073,CCTGCGGAAC,UDP0073,ATCATAGGCT,Project,Description
1,74,,A,B10,UDP0074,TTCATAAGGT,UDP0074,TGTTAGAAGG,Project,Description
1,75,,A,C10,UDP0075,CTCTGCAGCG,UDP0075,GATGGATGTA,Project,Description
1,76,,A,D10,UDP0076,CTGACTCTAC,UDP0076,ACGGCCGTCA,Project,Description
1,77,,A,E10,UDP0077,TCTGGTATCC,UDP0077,CGTTGCTTAC,Project,Description
1,78,,A,F10,UDP0078,CATTAGTGCG,UDP0078,TGACTACATA,Project,Description
1,79,,A,G10,UDP0079,ACGGTCAGGA,UDP0079,CGGCCTCGTT,Project,Description
1,80,,A,H10,UDP0080,GGCAAGCCAG,UDP0080,CAAGCATCCG,Project,Description
1,81,,A,A11,UDP0081,TGTCGCTGGT,UDP0081,TCGTCTGACT,Project,Description
1,82,,A,B11,UDP0082,ACCGTTACAA,UDP0082,CTCATAGCGA,Project,Description
1,83,,A,C11,UDP0083,TATGCCTTAC,UDP0083,AGACACATTA,Project,Description
1,84,,A,D11,UDP0084,ACAAGTGGAC,UDP0084,GCGCGATGTT,Project,Description
1,85,,A,E11,UDP0085,TGGTACCTAA,UDP0085,CATGAGTACT,Project,Description
1,86,,A,F11,UDP0086,TTGGAATTCC,UDP0086,ACGTCAATAC,Project,Description
1,87,,A,G11,UDP0087,CCTCTACATG,UDP0087,GATACCTCCT,Project,Description
1,88,,A,H11,UDP0088,GGAGCGTGTA,UDP0088,ATCCGTAAGT,Project,Description
1,89,,A,A12,UDP0089,GTCCGTAAGC,UDP0089,CGTGTATCTT,Project,Description
1,90,,A,B12,UDP0090,ACTTCAAGCG,UDP0090,GAACCATGAA,Project,Description
1,91,,A,C12,UDP0091,TCAGAAGGCG,UDP0091,GGCCATCATA,Project,Description
1,92,,A,D12,UDP0092,GCGTTGGTAT,UDP0092,ACATACTTCC,Project,Description
1,93,,A,E12,UDP0093,ACATATCCAG,UDP0093,TATGTGCAAT,Project,Description
1,94,,A,F12,UDP0094,TCATAGATTG,UDP0094,GATTAAGGTG,Project,Description
1,95,,A,G12,UDP0095,GTATTCCACC,UDP0095,ATGTAGACAA,Project,Description
1,96,,A,H12,UDP0096,CCTCCGTCCA,UDP0096,CACATCGGTG,Project,Description
1,97,,B,A01,UDP0097,TGCCGGTCAG,UDP0097,CCTGATACAA,Project,Description
1,98,,B,B01,UDP0098,CACTCAATTC,UDP0098,TTAAGTTGTG,Project,Description
1,99,,B,C01,UDP0099,TCTCACACGC,UDP0099,CGGACAGTGA,Project,Description
1,100,,B,D01,UDP0100,TCAATGGAGA,UDP0100,GCACTACAAC,Project,Description
1,101,,B,E01,UDP0101,ATATGCATGT,UDP0101,TGGTGCCTGG,Project,Description
1,102,,B,F01,UDP0102,ATGGCGCCTG,UDP0102,TCCACGGCCT,Project,Description
1,103,,B,G01,UDP0103,TCCGTTATGT,UDP0103,TTGTAGTGTA,Project,Description
1,104,,B,H01,UDP0104,GGTCTATTAA,UDP0104,CCACGACACG,Project,Description
1,105,,B,A02,UDP0105,CAGCAATCGT,UDP0105,TGTGATGTAT,Project,Description
1,106,,B,B02,UDP0106,TTCTGTAGAA,UDP0106,GAGCGCAATA,Project,Description
1,107,,B,C02,UDP0107,GAACGCAATA,UDP0107,ATCTTACTGT,Project,Description
1,108,,B,D02,UDP0108,AGTACTCATG,UDP0108,ATGTCGTGGT,Project,Description
1,109,,B,E02,UDP0109,GGTAGAATTA,UDP0109,GTAGCCATCA,Project,Description
1,110,,B,F02,UDP0110,TAATTAGCGT,UDP0110,TGGTTAAGAA,Project,Description
1,111,,B,G02,UDP0111,ATTAACAAGG,UDP0111,TGTTGTTCGT,Project,Description
1,112,,B,H02,UDP0112,TGATGGCTAC,UDP0112,CCAACAACAT,Project,Description
1,113,,B,A03,UDP0113,GAATTACAAG,UDP0113,ACCGGCTCAG,Project,Description
1,114,,B,B03,UDP0114,TAGAATTGGA,UDP0114,GTTAATCTGA,Project,Description
1,115,,B,C03,UDP0115,AGGCAGCTCT,UDP0115,CGGCTAACGT,Project,Description
1,116,,B,D03,UDP0116,ATCGGCGAAG,UDP0116,TCCAAGAATT,Project,Description
1,117,,B,E03,UDP0117,CCGTGACCGA,UDP0117,CCGAACGTTG,Project,Description
1,118,,B,F03,UDP0118,ATACTTGTTC,UDP0118,TAACCGCCGA,Project,Description
1,119,,B,G03,UDP0119,TCCGCCAATT,UDP0119,CTCCGTGCTG,Project,Description
1,120,,B,H03,UDP0120,AGGACAGGCC,UDP0120,CATTCCAGCT,Project,Description
1,121,,B,A04,UDP0121,AGAGAACCTA,UDP0121,GGTTATGCTA,Project,Description
1,122,,B,B04,UDP0122,GATATTGTGT,UDP0122,ACCACACGGT,Project,Description
1,123,,B,C04,UDP0123,CGTACAGGAA,UDP0123,TAGGTTCTCT,Project,Description
1,124,,B,D04,UDP0124,CTGCGTTACC,UDP0124,TATGGCTCGA,Project,Description
1,125,,B,E04,UDP0125,AGGCCGTGGA,UDP0125,CTCGTGCGTT,Project,Description
1,126,,B,F04,UDP0126,AGGAGGTATC,UDP0126,CCAGTTGGCA,Project,Description
1,127,,B,G04,UDP0127,GCTGACGTTG,UDP0127,TGTTCGCATT,Project,Description
1,128,,B,H04,UDP0128,CTAATAACCG,UDP0128,AACCGCATCG,Project,Description
1,129,,B,A05,UDP0129,TCTAGGCGCG,UDP0129,CGAAGGTTAA,Project,Description
1,130,,B,B05,UDP0130,ATAGCCAAGA,UDP0130,AGTGCCACTG,Project,Description
1,131,,B,C05,UDP0131,TTCGGTGTGA,UDP0131,GAACAAGTAT,Project,Description
1,132,,B,D05,UDP0132,ATGTAACGTT,UDP0132,ACGATTGCTG,Project,Description
1,133,,B,E05,UDP0133,AACGAGGCCG,UDP0133,ATACCTGGAT,Project,Description
1,134,,B,F05,UDP0134,TGGTGTTATG,UDP0134,TCCAATTCTA,Project,Description
1,135,,B,G05,UDP0135,TGGCCTCTGT,UDP0135,TGAGACAGCG,Project,Description
1,136,,B,H05,UDP0136,CCAGGCACCA,UDP0136,ACGCTAATTA,Project,Description
1,137,,B,A06,UDP0137,CCGGTTCCTA,UDP0137,TATATTCGAG,Project,Description
1,138,,B,B06,UDP0138,GGCCAATATT,UDP0138,CGGTCCGATA,Project,Description
1,139,,B,C06,UDP0139,GAATACCTAT,UDP0139,ACAATAGAGT,Project,Description
1,140,,B,D06,UDP0140,TACGTGAAGG,UDP0140,CGGTTATTAG,Project,Description
1,141,,B,E06,UDP0141,CTTATTGGCC,UDP0141,GATAACAAGT,Project,Description
1,142,,B,F06,UDP0142,ACAACTACTG,UDP0142,AGTTATCACA,Project,Description
1,143,,B,G06,UDP0143,GTTGGATGAA,UDP0143,TTCCAGGTAA,Project,Description
1,144,,B,H06,UDP0144,AATCCAATTG,UDP0144,CATGTAGAGG,Project,Description
1,145,,B,A07,UDP0145,TATGATGGCC,UDP0145,GATTGTCATA,Project,Description
1,146,,B,B07,UDP0146,CGCAGCAATT,UDP0146,ATTCCGCTAT,Project,Description
1,147,,B,C07,UDP0147,ACGTTCCTTA,UDP0147,GACCGCTGTG,Project,Description
1,148,,B,D07,UDP0148,CCGCGTATAG,UDP0148,TAGGAACCGG,Project,Description
1,149,,B,E07,UDP0149,GATTCTGAAT,UDP0149,AGCGGTGGAC,Project,Description
1,150,,B,F07,UDP0150,TAGAGAATAC,UDP0150,TATAGATTCG,Project,Description
1,151,,B,G07,UDP0151,TTGTATCAGG,UDP0151,ACAGAGGCCA,Project,Description
1,152,,B,H07,UDP0152,CACAGCGGTC,UDP0152,ATTCCTATTG,Project,Description
1,153,,B,A08,UDP0153,CCACGCTGAA,UDP0153,TATTCCTCAG,Project,Description
1,154,,B,B08,UDP0154,GTTCGGAGTT,UDP0154,CGCCTTCTGA,Project,Description
1,155,,B,C08,UDP0155,ATAGCGGAAT,UDP0155,GCGCAGAGTA,Project,Description
1,156,,B,D08,UDP0156,GCAATATTCA,UDP0156,GGCGCCAATT,Project,Description
1,157,,B,E08,UDP0157,CTAGATTGCG,UDP0157,AGATATGGCG,Project,Description
1,158,,B,F08,UDP0158,CGATGCGGTT,UDP0158,CCTGCTTGGT,Project,Description
1,159,,B,G08,UDP0159,TCCGGACTAG,UDP0159,GACGAACAAT,Project,Description
1,160,,B,H08,UDP0160,GTGACGGAGC,UDP0160,TGGCGGTCCA,Project,Description
1,161,,B,A09,UDP0161,AATTCCATCT,UDP0161,CTTCAGTTAC,Project,Description
1,162,,B,B09,UDP0162,TTAACGGTGT,UDP0162,TCCTGACCGT,Project,Description
1,163,,B,C09,UDP0163,ACTTGTTATC,UDP0163,CGCGCCTAGA,Project,Description
1,164,,B,D09,UDP0164,CGTGTACCAG,UDP0164,AGGATAAGTT,Project,Description
1,165,,B,E09,UDP0165,TTAACCTTCG,UDP0165,AGGCCAGACA,Project,Description
1,166,,B,F09,UDP0166,CATATGCGAT,UDP0166,CCTTGAACGG,Project,Description
1,167,,B,G09,UDP0167,AGCCTATGAT,UDP0167,CACCACCTAC,Project,Description
1,168,,B,H09,UDP0168,TATGACAATC,UDP0168,TTGCTTGTAT,Project,Description
1,169,,B,A10,UDP0169,ATGTTGTTGG,UDP0169,CAATCTATGA,Project,Description
1,170,,B,B10,UDP0170,GCACCACCAA,UDP0170,TGGTACTGAT,Project,Description
1,171,,B,C10,UDP0171,AGGCGTTCGC,UDP0171,TTCATCCAAC,Project,Description
1,172,,B,D10,UDP0172,CCTCCGGTTG,UDP0172,CATAACACCA,Project,Description
1,173,,B,E10,UDP0173,GTCCACCGCT,UDP0173,TCCTATTAGC,Project,Description
1,174,,B,F10,UDP0174,ATTGTTCGTC,UDP0174,TCTCTAGATT,Project,Description
1,175,,B,G10,UDP0175,GGACCAGTGG,UDP0175,CGCGAGCCTA,Project,Description
1,176,,B,H10,UDP0176,CCTTCTAACA,UDP0176,GATAAGCTCT,Project,Description
1,177,,B,A11,UDP0177,CTCGAATATA,UDP0177,GAGATGTCGA,Project,Description
1,178,,B,B11,UDP0178,GATCGTCGCG,UDP0178,CTGGATATGT,Project,Description
1,179,,B,C11,UDP0179,TATCCGAGGC,UDP0179,GGCCAATAAG,Project,Description
1,180,,B,D11,UDP0180,CGCTGTCTCA,UDP0180,ATTACTCACC,Project,Description
1,181,,B,E11,UDP0181,AATGCGAACA,UDP0181,AATTGGCGGA,Project,Description
1,182,,B,F11,UDP0182,AATTCTTGGA,UDP0182,TTGTCAACTT,Project,Description
1,183,,B,G11,UDP0183,TTCCTACAGC,UDP0183,GGCGAATTCT,Project,Description
1,184,,B,H11,UDP0184,ATCCAGGTAT,UDP0184,CAACGTCAGC,Project,Description
1,185,,B,A12,UDP0185,ACGGTCCAAC,UDP0185,TCTTACATCA,Project,Description
1,186,,B,B12,UDP0186,GTAACTTGGT,UDP0186,CGCCATACCT,Project,Description
1,187,,B,C12,UDP0187,AGCGCCACAC,UDP0187,CTAATGTCTT,Project,Description
1,188,,B,D12,UDP0188,TGCTACTGCC,UDP0188,CAACCGGAGG,Project,Description
1,189,,B,E12,UDP0189,CAACACCGCA,UDP0189,GGCAGTAGCA,Project,Description
1,190,,B,F12,UDP0190,CACCTTAATC,UDP0190,TTAGGATAGA,Project,Description
1,191,,B,G12,UDP0191,TTGAATGTTG,UDP0191,CGCAATCTAG,Project,Description
1,192,,B,H12,UDP0192,CCGGTAACAC,UDP0192,GAGTTGTACT,Project,Description
1,193,,C,A01,UDP0193,TCTCATGATA,UDP0193,AACACGTGGA,Project,Description
1,194,,C,B01,UDP0194,CGAGGCCAAG,UDP0194,GTGTTACCGG,Project,Description
1,195,,C,C01,UDP0195,TTCACGAGAC,UDP0195,AGATTGTTAC,Project,Description
1,196,,C,D01,UDP0196,GCGTGGATGG,UDP0196,TTGACCAATG,Project,Description
1,197,,C,E01,UDP0197,TCCTGGTTGT,UDP0197,CTGACCGGCA,Project,Description
1,198,,C,F01,UDP0198,TAATTCTGCT,UDP0198,TCTCATCAAT,Project,Description
1,199,,C,G01,UDP0199,CGCACGACTG,UDP0199,GGACCAACAG,Project,Description
1,200,,C,H01,UDP0200,GAGGTTAGAC,UDP0200,AATGTATTGC,Project,Description
1,201,,C,A02,UDP0201,AACCGAGTTC,UDP0201,GATCTCTGGA,Project,Description
1,202,,C,B02,UDP0202,TGTGATAACT,UDP0202,CAGGCGCCAT,Project,Description
1,203,,C,C02,UDP0203,AGTATGCTAC,UDP0203,TTAATAGACC,Project,Description
1,204,,C,D02,UDP0204,GTAACTGAAG,UDP0204,GGAGTCGCGA,Project,Description
1,205,,C,E02,UDP0205,TCCTCGGACT,UDP0205,AACGCCAGAG,Project,Description
1,206,,C,F02,UDP0206,CTGGAACTGT,UDP0206,CGTAATTAAC,Project,Description
1,207,,C,G02,UDP0207,GAATATGCGG,UDP0207,ACGAGACTGA,Project,Description
1,208,,C,H02,UDP0208,GATCGGATAA,UDP0208,GTATCGGCCG,Project,Description
1,209,,C,A03,UDP0209,GCTAGACTAT,UDP0209,AATACGACAT,Project,Description
1,210,,C,B03,UDP0210,AGCTACTATA,UDP0210,GTTATATGGC,Project,Description
1,211,,C,C03,UDP0211,CCACCGGAGT,UDP0211,GCCTGCCATG,Project,Description
1,212,,C,D03,UDP0212,CTTACCGCAC,UDP0212,TAAGACCTAT,Project,Description
1,213,,C,E03,UDP0213,TTAGGATATC,UDP0213,TATACCATGG,Project,Description
1,214,,C,F03,UDP0214,TTATACGCGA,UDP0214,GCCGTCTGTT,Project,Description
1,215,,C,G03,UDP0215,CGCTTAGAAT,UDP0215,CAGAGTGATA,Project,Description
1,216,,C,H03,UDP0216,CCGAAGCGCT,UDP0216,TGCTAACTAT,Project,Description
1,217,,C,A04,UDP0217,CACTATCAAC,UDP0217,TCAGTTAATG,Project,Description
1,218,,C,B04,UDP0218,TTGCTCTATT,UDP0218,GTGACCTTGA,Project,Description
1,219,,C,C04,UDP0219,TTACAGTTAG,UDP0219,ACATGCATAT,Project,Description
1,220,,C,D04,UDP0220,CTAAGTACGC,UDP0220,AACATACCTA,Project,Description
1,221,,C,E04,UDP0221,TAGTTCGGTA,UDP0221,CCATGTGTAG,Project,Description
1,222,,C,F04,UDP0222,CTATTACTAC,UDP0222,GAGTCTCTCC,Project,Description
1,223,,C,G04,UDP0223,TAGCATAACC,UDP0223,GCTATGCGCA,Project,Description
1,224,,C,H04,UDP0224,ACTCTATTGT,UDP0224,ATCGCATATG,Project,Description
1,225,,C,A05,UDP0225,TAGTGGAAGC,UDP0225,AGTACCTATA,Project,Description
1,226,,C,B05,UDP0226,CGCCATATCT,UDP0226,GACCGGAGAT,Project,Description
1,227,,C,C05,UDP0227,GCTTCATATT,UDP0227,CGTTCAGCCT,Project,Description
1,228,,C,D05,UDP0228,ACTAGCGCTA,UDP0228,TTACTTCCTC,Project,Description
1,229,,C,E05,UDP0229,GCTCTTAACT,UDP0229,CACGTCCACC,Project,Description
1,230,,C,F05,UDP0230,GTGGTATCTG,UDP0230,GCTACTATCT,Project,Description
1,231,,C,G05,UDP0231,TGACGGCCGT,UDP0231,AGTCAACCAT,Project,Description
1,232,,C,H05,UDP0232,CAGTAATTAC,UDP0232,CGAGGCGGTA,Project,Description
1,233,,C,A06,UDP0233,TACAAGACTT,UDP0233,CAGGTGTTCA,Project,Description
1,234,,C,B06,UDP0234,CTGTGGTGAC,UDP0234,GACAGACAGG,Project,Description
1,235,,C,C06,UDP0235,CTCCACTAAT,UDP0235,TGTACTTGTT,Project,Description
1,236,,C,D06,UDP0236,ATAGTTAGCA,UDP0236,CTCTAAGTAG,Project,Description
1,237,,C,E06,UDP0237,ATAGGTCTTA,UDP0237,GTCACCACAG,Project,Description
1,238,,C,F06,UDP0238,TTCTTAACCA,UDP0238,TCTACATACC,Project,Description
1,239,,C,G06,UDP0239,AAGGAAGAGT,UDP0239,CACGTTAGGC,Project,Description
1,240,,C,H06,UDP0240,GGAAGGAGAC,UDP0240,TGGTGAGTCT,Project,Description
1,241,,C,A07,UDP0241,TGAACGCGGA,UDP0241,CTTCGAAGGA,Project,Description
1,242,,C,B07,UDP0242,CCTGCAACCT,UDP0242,GTAGAGTCAG,Project,Description
1,243,,C,C07,UDP0243,TTCATGGTTC,UDP0243,GACATTGTCA,Project,Description
1,244,,C,D07,UDP0244,ATCCTCTCAA,UDP0244,TCCGCAAGGC,Project,Description
1,245,,C,E07,UDP0245,CACTAGACCA,UDP0245,ACTGCCTTAT,Project,Description
1,246,,C,F07,UDP0246,ATTATCCACT,UDP0246,TACGCACGTA,Project,Description
1,247,,C,G07,UDP0247,ATGGCGTGCC,UDP0247,CGCTTGAAGT,Project,Description
1,248,,C,H07,UDP0248,TCCAGAGATC,UDP0248,CTGCACTTCA,Project,Description
1,249,,C,A08,UDP0249,ATGTCCAGCA,UDP0249,CAGCGGACAA,Project,Description
1,250,,C,B08,UDP0250,CAACGTTCGG,UDP0250,GGATCCGCAT,Project,Description
1,251,,C,C08,UDP0251,GCGTATTAAT,UDP0251,TGCGGTGTTG,Project,Description
1,252,,C,D08,UDP0252,GTTGTGACTA,UDP0252,ACATAACGGA,Project,Description
1,253,,C,E08,UDP0253,TCTCAATACC,UDP0253,GACGTTCGCG,Project,Description
1,254,,C,F08,UDP0254,AAGCATCTTG,UDP0254,CATTCAACAA,Project,Description
1,255,,C,G08,UDP0255,TCAGTCTCGT,UDP0255,CACGGATTAT,Project,Description
1,256,,C,H08,UDP0256,TGCAAGATAA,UDP0256,TTGAGGACGG,Project,Description
1,257,,C,A09,UDP0257,GTAACAATCT,UDP0257,CTCTGTATAC,Project,Description
1,258,,C,B09,UDP0258,CAGCGGTAGA,UDP0258,GCAACAGGTG,Project,Description
1,259,,C,C09,UDP0259,TCATACCGTT,UDP0259,GGTAACGCAG,Project,Description
1,260,,C,D09,UDP0260,GGCGCCATTG,UDP0260,ACCGCGCAAT,Project,Description
1,261,,C,E09,UDP0261,AGCGAATTAG,UDP0261,AGCCGGAACA,Project,Description
1,262,,C,F09,UDP0262,TTAGACCATG,UDP0262,TCCTAGGAAG,Project,Description
1,263,,C,G09,UDP0263,CACACAGTAT,UDP0263,TTGAGCCTAA,Project,Description
1,264,,C,H09,UDP0264,TCTTGTCGGC,UDP0264,CCACCTGTGT,Project,Description
1,265,,C,A10,UDP0265,TACCGCCTCG,UDP0265,CCTCGCAACC,Project,Description
1,266,,C,B10,UDP0266,CTGTTATATC,UDP0266,GTATAGCTGT,Project,Description
1,267,,C,C10,UDP0267,TAACCGGCGA,UDP0267,GCTACATTAG,Project,Description
1,268,,C,D10,UDP0268,AAGAGAGTCT,UDP0268,TACGAATCTT,Project,Description
1,269,,C,E10,UDP0269,GTAGGCGAGC,UDP0269,TAGGAGCGCA,Project,Description
1,270,,C,F10,UDP0270,AACTTATCCT,UDP0270,GTACTGGCGT,Project,Description
1,271,,C,G10,UDP0271,ATTATGTCTC,UDP0271,AGTTAAGAGC,Project,Description
1,272,,C,H10,UDP0272,TATAACAGCT,UDP0272,TCGCGTATAA,Project,Description
1,273,,C,A11,UDP0273,CCAATGATAC,UDP0273,GAGTGTGCCG,Project,Description
1,274,,C,B11,UDP0274,GAGGCCTATT,UDP0274,CTAGTCCGGA,Project,Description
1,275,,C,C11,UDP0275,AGCTAAGCGG,UDP0275,ATTAATACGC,Project,Description
1,276,,C,D11,UDP0276,CTTCCTAGGA,UDP0276,CCTAGAGTAT,Project,Description
1,277,,C,E11,UDP0277,CGATCTGTGA,UDP0277,TAGGAAGACT,Project,Description
1,278,,C,F11,UDP0278,GTGGACAAGT,UDP0278,CCGTGGCCTT,Project,Description
1,279,,C,G11,UDP0279,AACAAGTACA,UDP0279,GGATATATCC,Project,Description
1,280,,C,H11,UDP0280,AGATTAAGTG,UDP0280,CACCTCTTGG,Project,Description
1,281,,C,A12,UDP0281,TATCACTCTG,UDP0281,AACGTTACAT,Project,Description
1,282,,C,B12,UDP0282,AGAATTCGCC,UDP0282,CGGCAAGCTC,Project,Description
1,283,,C,C12,UDP0283,CCTGACCACT,UDP0283,TCTTGGCTAT,Project,Description
1,284,,C,D12,UDP0284,AGCTGGAATG,UDP0284,ACGGAATGCG,Project,Description
1,285,,C,E12,UDP0285,TGATAACGAG,UDP0285,GTTCCGCAGG,Project,Description
1,286,,C,F12,UDP0286,CATAGTAAGG,UDP0286,ACCAAGTTAC,Project,Description
1,287,,C,G12,UDP0287,ATTGGCTTCT,UDP0287,TGGCTCGCAG,Project,Description
1,288,,C,H12,UDP0288,GTACCGATTA,UDP0288,AACTAACGTT,Project,Description
1,289,,D,A01,UDP0289,GAACAATTCC,UDP0289,TAGAGTTGGA,Project,Description
1,290,,D,B01,UDP0290,TGTGGTCCGG,UDP0290,AGAGCACTAG,Project,Description
1,291,,D,C01,UDP0291,CTTCTAAGTC,UDP0291,ACTCTACAGG,Project,Description
1,292,,D,D01,UDP0292,AATATTGCCA,UDP0292,CGGTGACACC,Project,Description
1,293,,D,E01,UDP0293,TCGTGCATTC,UDP0293,GCGTTGGTAT,Project,Description
1,294,,D,F01,UDP0294,AAGATACACG,UDP0294,TGTGCTAACA,Project,Description
1,295,,D,G01,UDP0295,TGCAATGAAT,UDP0295,CCAGAAGTAA,Project,Description
1,296,,D,H01,UDP0296,CTATGAAGGA,UDP0296,CTTATACCTG,Project,Description
1,297,,D,A02,UDP0297,GAAGACTAGA,UDP0297,ACTAGAACTT,Project,Description
1,298,,D,B02,UDP0298,AGGAGTCGAG,UDP0298,TTAGGCTTAC,Project,Description
1,299,,D,C02,UDP0299,TTCACTCACT,UDP0299,TATCATGAGA,Project,Description
1,300,,D,D02,UDP0300,GGTCCGCTTC,UDP0300,CTCACACAAG,Project,Description
1,301,,D,E02,UDP0301,CAACGAGAGC,UDP0301,GAATTGAGTG,Project,Description
1,302,,D,F02,UDP0302,ATTGAGGTCC,UDP0302,CGGATTATAT,Project,Description
1,303,,D,G02,UDP0303,GGAGAGACTC,UDP0303,TTGAAGCAGA,Project,Description
1,304,,D,H02,UDP0304,CCGCTCCGTT,UDP0304,TACGGCGAAG,Project,Description
1,305,,D,A03,UDP0305,ATACATCACA,UDP0305,TCTCCATTGA,Project,Description
1,306,,D,B03,UDP0306,TAGGTATGTT,UDP0306,CGAGACCAAG,Project,Description
1,307,,D,C03,UDP0307,CACCTAGCAC,UDP0307,TGCTGGACAT,Project,Description
1,308,,D,D03,UDP0308,TTCAAGTATG,UDP0308,GATGGTATCG,Project,Description
1,309,,D,E03,UDP0309,TTAAGACAAG,UDP0309,GGCTTAATTG,Project,Description
1,310,,D,F03,UDP0310,CACCTCTCTT,UDP0310,CTCGACTCCT,Project,Description
1,311,,D,G03,UDP0311,TTCTCGTGCA,UDP0311,ATACACAGAG,Project,Description
1,312,,D,H03,UDP0312,GCTAGGAAGT,UDP0312,TCTCGGACGA,Project,Description
1,313,,D,A04,UDP0313,TTAATAGCAC,UDP0313,ACCACGTCTG,Project,Description
1,314,,D,B04,UDP0314,CATTCACGCT,UDP0314,GTTGTACTCA,Project,Description
1,315,,D,C04,UDP0315,GGCACTAAGG,UDP0315,TCAGGTCAAC,Project,Description
1,316,,D,D04,UDP0316,ATTCGGTACA,UDP0316,AGTCCGAGGA,Project,Description
1,317,,D,E04,UDP0317,ACTAATCTCC,UDP0317,CACTTAATCT,Project,Description
1,318,,D,F04,UDP0318,TGTGTTAGTA,UDP0318,TACTCTGTTA,Project,Description
1,319,,D,G04,UDP0319,CAACGACCTA,UDP0319,GCGACTCGAT,Project,Description
1,320,,D,H04,UDP0320,CGGTCGGCAT,UDP0320,CTAGGCAAGG,Project,Description
1,321,,D,A05,UDP0321,TCGACGCTAG,UDP0321,CCTCTTCGAA,Project,Description
1,322,,D,B05,UDP0322,CTCGTAGGCA,UDP0322,TCATCCTCTT,Project,Description
1,323,,D,C05,UDP0323,AAGTTCTAGT,UDP0323,GGTAAGATAA,Project,Description
1,324,,D,D05,UDP0324,CCAAGAGGTG,UDP0324,AACGAGCCAG,Project,Description
1,325,,D,E05,UDP0325,ATATCTGCTT,UDP0325,TAGACAATCT,Project,Description
1,326,,D,F05,UDP0326,TGGATCTGGC,UDP0326,CAATGCTGAA,Project,Description
1,327,,D,G05,UDP0327,TTGAATCCAA,UDP0327,GTCACGGTGT,Project,Description
1,328,,D,H05,UDP0328,CACGGCTAGT,UDP0328,GGTGTACAAG,Project,Description
1,329,,D,A06,UDP0329,GAGCTTGCCG,UDP0329,AGGTTGCAGG,Project,Description
1,330,,D,B06,UDP0330,AGCTAGCTTC,UDP0330,TAATACGGAG,Project,Description
1,331,,D,C06,UDP0331,CAATCCTTGT,UDP0331,CGAAGACGCA,Project,Description
1,332,,D,D06,UDP0332,CACCTGTTGC,UDP0332,ATTGACACAT,Project,Description
1,333,,D,E06,UDP0333,CGTCACCTTG,UDP0333,CAGCCGATTG,Project,Description
1,334,,D,F06,UDP0334,AATGACTGGT,UDP0334,TCTCACGCGT,Project,Description
1,335,,D,G06,UDP0335,ATGATTCCGG,UDP0335,CTCTGACGTG,Project,Description
1,336,,D,H06,UDP0336,TTAGGCTCAA,UDP0336,TCGAATGGAA,Project,Description
1,337,,D,A07,UDP0337,TGTAAGGTGG,UDP0337,AAGGCCTTGG,Project,Description
1,338,,D,B07,UDP0338,CAACTGCAAC,UDP0338,TGAACGCAAC,Project,Description
1,339,,D,C07,UDP0339,ACATGAGTGA,UDP0339,CCGCTTAGCT,Project,Description
1,340,,D,D07,UDP0340,GCAACCAGTC,UDP0340,CACCGAGGAA,Project,Description
1,341,,D,E07,UDP0341,GAGCGACGAT,UDP0341,CGTATAATCA,Project,Description
1,342,,D,F07,UDP0342,CGAACGCACC,UDP0342,ATGACAGAAC,Project,Description
1,343,,D,G07,UDP0343,TCTTACGCCG,UDP0343,ATTCATTGCA,Project,Description
1,344,,D,H07,UDP0344,AGCTGATGTC,UDP0344,TCATGTCCTG,Project,Description
1,345,,D,A08,UDP0345,CTGAATTAGT,UDP0345,AATTCGATCG,Project,Description
1,346,,D,B08,UDP0346,TAAGGAGGAA,UDP0346,TTCCGACATT,Project,Description
1,347,,D,C08,UDP0347,AGCTTACACA,UDP0347,TGGCACGACC,Project,Description
1,348,,D,D08,UDP0348,AACCAGCCAC,UDP0348,GCCACAGCAC,Project,Description
1,349,,D,E08,UDP0349,CTTAAGTCGA,UDP0349,CAGTAGTTGT,Project,Description
1,350,,D,F08,UDP0350,GCCTAACGTG,UDP0350,AGCTCTCAAG,Project,Description
1,351,,D,G08,UDP0351,ACTTACTTCA,UDP0351,TCTGGAATTA,Project,Description
1,352,,D,H08,UDP0352,CGCATTCCGT,UDP0352,ATTAGTGGAG,Project,Description
1,353,,D,A09,UDP0353,GATATCACAC,UDP0353,GACTATATGT,Project,Description
1,354,,D,B09,UDP0354,AGCGCTGTGT,UDP0354,CGTTCGGAAC,Project,Description
1,355,,D,C09,UDP0355,TCACCGCGCT,UDP0355,TCGATACTAG,Project,Description
1,356,,D,D09,UDP0356,GATAGCCTTG,UDP0356,TACCACAATG,Project,Description
1,357,,D,E09,UDP0357,CCTGGACGCA,UDP0357,TGGTATACCA,Project,Description
1,358,,D,F09,UDP0358,TTACGCACCT,UDP0358,GCTCTCGTTG,Project,Description
1,359,,D,G09,UDP0359,TCGTTGCTGC,UDP0359,GTCTCGTGAA,Project,Description
1,360,,D,H09,UDP0360,CGACAAGGAT,UDP0360,AAGGCCACCT,Project,Description
1,361,,D,A10,UDP0361,GTGTACCTTC,UDP0361,CTGTGAGCTA,Project,Description
1,362,,D,B10,UDP0362,ACCTGGCCAA,UDP0362,TCACAGATCG,Project,Description
1,363,,D,C10,UDP0363,TGTCTGGCCT,UDP0363,AGAAGCCAAT,Project,Description
1,364,,D,D10,UDP0364,AGTTAATGCT,UDP0364,ACTGCAGCCG,Project,Description
1,365,,D,E10,UDP0365,GGTGAGTAAT,UDP0365,AACATCTAGT,Project,Description
1,366,,D,F10,UDP0366,TACTCTGCGC,UDP0366,CCTTACTATG,Project,Description
1,367,,D,G10,UDP0367,AGGTATGGCG,UDP0367,GTGGCGAGAC,Project,Description
1,368,,D,H10,UDP0368,TCCAGCCTGC,UDP0368,GCCAGATCCA,Project,Description
1,369,,D,A11,UDP0369,GCCATATAAC,UDP0369,ACACAATATC,Project,Description
1,370,,D,B11,UDP0370,AGTGCGAGTG,UDP0370,TGGAGGTAAT,Project,Description
1,371,,D,C11,UDP0371,CTGAGCCGGT,UDP0371,CCTTCACGTA,Project,Description
1,372,,D,D11,UDP0372,AACGGTCTAT,UDP0372,CTATACGCGG,Project,Description
1,373,,D,E11,UDP0373,GTTGCGTTCA,UDP0373,GTTGCAGTTG,Project,Description
1,374,,D,F11,UDP0374,CTTCAACCAC,UDP0374,TTATGCGCCT,Project,Description
1,375,,D,G11,UDP0375,TCTATTCAGT,UDP0375,TCTCAGTACA,Project,Description
1,376,,D,H11,UDP0376,CAAGACGTCC,UDP0376,AGTATACGGA,Project,Description
1,377,,D,A12,UDP0377,TGAGTACAAC,UDP0377,ACGCTTGGAC,Project,Description
1,378,,D,B12,UDP0378,CCGCGGTTCT,UDP0378,GGAGTAGATT,Project,Description
1,379,,D,C12,UDP0379,ATTGATACTG,UDP0379,TACACGCTCC,Project,Description
1,380,,D,D12,UDP0380,GGATTATGGA,UDP0380,TCCGATAGAG,Project,Description
1,381,,D,E12,UDP0381,TGGTTCTCAT,UDP0381,CTCAAGGCCG,Project,Description
1,382,,D,F12,UDP0382,TCAACCACGA,UDP0382,CAAGTTCATA,Project,Description
1,383,,D,G12,UDP0383,TATGAACTTG,UDP0383,AATCCTTAGG,Project,Description
1,384,,D,H12,UDP0384,AGTGGTTAAG,UDP0384,GGTGGAATAC,Project,Description
